case_id,root,initial_phase,scenario,mechanics,a_updates,b_updates,a_initial_resistance,a_final_resistance,a_initial_coupling,a_final_coupling,a_live,b_initial_resistance,b_final_resistance,b_initial_coupling,b_final_coupling,b_live,drive_deliveries,modulatory_deliveries,fires,eligible,resistance_events,proposals,deallocations,crossings,ca_fires,physical_work,final_tick,pressure_phase,trace_hash,body_hash,quiescent
1,1300000,0,old_source_local,reference,1,1,4,7,1,2,1,4,7,1,2,1,4,1,2,3,2,0,0,0,1,7,0,0,9c738e0497f8b5f34be028d2f02cd4803d5091aae798e1e95437c3807008f557,87cb30fff54b84ea1371524398dee4056b80877e29d3caf01e001d71f4ce4c86,1
1,1300000,0,old_source_local,production,1,1,4,7,1,2,1,4,7,1,2,1,4,1,2,3,2,0,0,0,1,7,0,0,9c738e0497f8b5f34be028d2f02cd4803d5091aae798e1e95437c3807008f557,87cb30fff54b84ea1371524398dee4056b80877e29d3caf01e001d71f4ce4c86,1
2,1300000,0,c0_contact_a,reference,1,0,4,7,1,2,1,4,4,1,1,1,6,1,4,5,1,0,0,0,1,8,0,0,8f2cac6c0755c7574f6b89dd69c31a661e577af12ebfce29b1064a48937f0b7a,d1d437b0e07644b1a7975845715c4a33c735c803d8408d025a455487879ad8de,1
2,1300000,0,c0_contact_a,production,1,0,4,7,1,2,1,4,4,1,1,1,6,1,4,5,1,0,0,0,1,8,0,0,8f2cac6c0755c7574f6b89dd69c31a661e577af12ebfce29b1064a48937f0b7a,d1d437b0e07644b1a7975845715c4a33c735c803d8408d025a455487879ad8de,1
3,1300000,0,c1_contact_b,reference,0,1,4,4,1,1,1,4,7,1,2,1,6,1,4,5,1,0,0,0,1,8,0,0,78550a664bd6c437c166224d94a0bc6b354428bc25caeed3a562ecb4ca97e29f,d50ce135c3ff893ef7a6988f06a36535e3857e69aa484b11e101928e2a9389a6,1
3,1300000,0,c1_contact_b,production,0,1,4,4,1,1,1,4,7,1,2,1,6,1,4,5,1,0,0,0,1,8,0,0,78550a664bd6c437c166224d94a0bc6b354428bc25caeed3a562ecb4ca97e29f,d50ce135c3ff893ef7a6988f06a36535e3857e69aa484b11e101928e2a9389a6,1
4,1300000,0,c2_a_not_traversed,reference,0,0,4,4,1,1,1,4,4,1,1,1,3,1,2,2,0,0,0,0,0,4,0,0,995910feaa8458b13218fc372b0c7afbe21dfec3b9a133192960064ce9c3d181,bf1c6d057bd4d92d9ef76ef8c44c4fe0193332305255ae78108f5c77abf1e51c,1
4,1300000,0,c2_a_not_traversed,production,0,0,4,4,1,1,1,4,4,1,1,1,3,1,2,2,0,0,0,0,0,4,0,0,995910feaa8458b13218fc372b0c7afbe21dfec3b9a133192960064ce9c3d181,bf1c6d057bd4d92d9ef76ef8c44c4fe0193332305255ae78108f5c77abf1e51c,1
5,1300000,0,c3_drive_at_ca,reference,0,0,4,4,1,1,1,4,4,1,1,1,7,0,4,5,0,0,0,0,2,7,1,1,fb2318046920303671c29680fd63204eea8b78ee0b3afe6383b5be5b9133ad8e,2dd327c5a5b82d5dfc1eeab45b6cf6c74d1e910b8aead18126e8da2fb85bb216,1
5,1300000,0,c3_drive_at_ca,production,0,0,4,4,1,1,1,4,4,1,1,1,7,0,4,5,0,0,0,0,2,7,1,1,fb2318046920303671c29680fd63204eea8b78ee0b3afe6383b5be5b9133ad8e,2dd327c5a5b82d5dfc1eeab45b6cf6c74d1e910b8aead18126e8da2fb85bb216,1
6,1300000,0,c4_late_modulation,reference,0,0,4,3,1,1,1,4,3,1,1,1,6,1,4,5,0,0,0,0,1,7,5,5,86eec992e68526148803068a5617824ce91184cfb8eb0ff25ab0b3e83e40703e,e7a65902d75b4f15f6fd014033a754eaa271088dda2b11f8f7d2c7fa0116d9a7,1
6,1300000,0,c4_late_modulation,production,0,0,4,3,1,1,1,4,3,1,1,1,6,1,4,5,0,0,0,0,1,7,5,5,86eec992e68526148803068a5617824ce91184cfb8eb0ff25ab0b3e83e40703e,e7a65902d75b4f15f6fd014033a754eaa271088dda2b11f8f7d2c7fa0116d9a7,1
7,1300000,0,c5_dense_distractors,reference,1,0,4,7,1,2,1,4,4,1,1,1,71,1,37,38,1,0,0,0,2,73,1,1,f00a8b228e7c30be9e5781c8a5fbe0bbf842b05421e406cc098d5c25dcf8cd9e,424ef684bacee341c7b6c52e6b63bcdd832c81fe8e3eeaefab6291612a650687,1
7,1300000,0,c5_dense_distractors,production,1,0,4,7,1,2,1,4,4,1,1,1,71,1,37,38,1,0,0,0,2,73,1,1,f00a8b228e7c30be9e5781c8a5fbe0bbf842b05421e406cc098d5c25dcf8cd9e,424ef684bacee341c7b6c52e6b63bcdd832c81fe8e3eeaefab6291612a650687,1
8,1300000,0,c6_swapped_identity,reference,1,0,4,7,1,2,1,4,4,1,1,1,6,1,4,5,1,0,0,0,1,8,0,0,07ad5b0cb5dd7075eeb80804463cf7a43d929d017614cc7504ea52a29a436d64,109765f99c9247a430403d1e4412e84d38298f876d11083932cf81b0bfdf2d7b,1
8,1300000,0,c6_swapped_identity,production,1,0,4,7,1,2,1,4,4,1,1,1,6,1,4,5,1,0,0,0,1,8,0,0,07ad5b0cb5dd7075eeb80804463cf7a43d929d017614cc7504ea52a29a436d64,109765f99c9247a430403d1e4412e84d38298f876d11083932cf81b0bfdf2d7b,1
9,1300000,0,c6_reverse_order,reference,1,0,4,7,1,2,1,4,4,1,1,1,6,1,4,5,1,0,0,0,1,8,0,0,399e65f51d4d981aa919fb7ad986638e8208a5985b04c9cf89ef10949eeb2520,e34a785e5ef9d2371a309e1220a011f41a4e51e6905da2501266f1f14d7e02c2,1
9,1300000,0,c6_reverse_order,production,1,0,4,7,1,2,1,4,4,1,1,1,6,1,4,5,1,0,0,0,1,8,0,0,399e65f51d4d981aa919fb7ad986638e8208a5985b04c9cf89ef10949eeb2520,e34a785e5ef9d2371a309e1220a011f41a4e51e6905da2501266f1f14d7e02c2,1
10,1300000,0,c6_timing_offset,reference,1,0,4,7,1,2,1,4,4,1,1,1,6,1,4,5,1,0,0,0,1,8,2,2,364d47ff06da33fe3dda43e8f34dc36cc9c9a856d384658c2453b197b1884690,39384aba92c0f9453740aac01a80bf469d2efe75a9bdeedd98c0fc56e7c501ee,1
10,1300000,0,c6_timing_offset,production,1,0,4,7,1,2,1,4,4,1,1,1,6,1,4,5,1,0,0,0,1,8,2,2,364d47ff06da33fe3dda43e8f34dc36cc9c9a856d384658c2453b197b1884690,39384aba92c0f9453740aac01a80bf469d2efe75a9bdeedd98c0fc56e7c501ee,1
11,1300000,0,c7_contact_fanout,reference,1,1,4,7,1,2,1,4,7,1,2,1,6,1,4,5,2,0,0,0,1,9,0,0,8d5c68cbfd4a1cc825b47532ff9efb17b6b5bc71bbfbf4c0167cbcedfbc42754,18570242ab8e8800ba60b289874d7de7495e67b28b84ffbd64868b1c29056812,1
11,1300000,0,c7_contact_fanout,production,1,1,4,7,1,2,1,4,7,1,2,1,6,1,4,5,2,0,0,0,1,9,0,0,8d5c68cbfd4a1cc825b47532ff9efb17b6b5bc71bbfbf4c0167cbcedfbc42754,18570242ab8e8800ba60b289874d7de7495e67b28b84ffbd64868b1c29056812,1
12,1300000,1,old_source_local,reference,1,1,4,7,1,2,1,4,7,1,2,1,4,1,2,3,2,0,0,0,1,7,1,1,d5b9c412a1c387d30e52141ab24fa4ce2796e000d47b4a9aa8b531053d6d0e82,87cb30fff54b84ea1371524398dee4056b80877e29d3caf01e001d71f4ce4c86,1
12,1300000,1,old_source_local,production,1,1,4,7,1,2,1,4,7,1,2,1,4,1,2,3,2,0,0,0,1,7,1,1,d5b9c412a1c387d30e52141ab24fa4ce2796e000d47b4a9aa8b531053d6d0e82,87cb30fff54b84ea1371524398dee4056b80877e29d3caf01e001d71f4ce4c86,1
13,1300000,1,c0_contact_a,reference,1,0,4,7,1,2,1,4,4,1,1,1,6,1,4,5,1,0,0,0,1,8,1,1,6e6bb903cee83d6eb746c45961129f9e302af4bfffe81a798827030d41511742,d1d437b0e07644b1a7975845715c4a33c735c803d8408d025a455487879ad8de,1
13,1300000,1,c0_contact_a,production,1,0,4,7,1,2,1,4,4,1,1,1,6,1,4,5,1,0,0,0,1,8,1,1,6e6bb903cee83d6eb746c45961129f9e302af4bfffe81a798827030d41511742,d1d437b0e07644b1a7975845715c4a33c735c803d8408d025a455487879ad8de,1
14,1300000,1,c1_contact_b,reference,0,1,4,4,1,1,1,4,7,1,2,1,6,1,4,5,1,0,0,0,1,8,1,1,db9a544ed60975ac4db88f5930aff759e0f62bb91f7483f8598d87d38aee9830,d50ce135c3ff893ef7a6988f06a36535e3857e69aa484b11e101928e2a9389a6,1
14,1300000,1,c1_contact_b,production,0,1,4,4,1,1,1,4,7,1,2,1,6,1,4,5,1,0,0,0,1,8,1,1,db9a544ed60975ac4db88f5930aff759e0f62bb91f7483f8598d87d38aee9830,d50ce135c3ff893ef7a6988f06a36535e3857e69aa484b11e101928e2a9389a6,1
15,1300000,1,c2_a_not_traversed,reference,0,0,4,4,1,1,1,4,4,1,1,1,3,1,2,2,0,0,0,0,0,4,1,1,99052ecc6cb678d16419a872a748adaf9d4cfa1e54d8c0ddec6117c23492d65d,bf1c6d057bd4d92d9ef76ef8c44c4fe0193332305255ae78108f5c77abf1e51c,1
15,1300000,1,c2_a_not_traversed,production,0,0,4,4,1,1,1,4,4,1,1,1,3,1,2,2,0,0,0,0,0,4,1,1,99052ecc6cb678d16419a872a748adaf9d4cfa1e54d8c0ddec6117c23492d65d,bf1c6d057bd4d92d9ef76ef8c44c4fe0193332305255ae78108f5c77abf1e51c,1
16,1300000,1,c3_drive_at_ca,reference,0,0,4,4,1,1,1,4,4,1,1,1,7,0,4,5,0,0,0,0,2,7,2,2,7124740d641bf90090b27c1de04a48ae6b559636d8d527842235a993a63a65bd,2dd327c5a5b82d5dfc1eeab45b6cf6c74d1e910b8aead18126e8da2fb85bb216,1
16,1300000,1,c3_drive_at_ca,production,0,0,4,4,1,1,1,4,4,1,1,1,7,0,4,5,0,0,0,0,2,7,2,2,7124740d641bf90090b27c1de04a48ae6b559636d8d527842235a993a63a65bd,2dd327c5a5b82d5dfc1eeab45b6cf6c74d1e910b8aead18126e8da2fb85bb216,1
17,1300000,1,c4_late_modulation,reference,0,0,4,3,1,1,1,4,3,1,1,1,6,1,4,5,0,0,0,0,1,7,6,6,cc280a373d429c0beab80a9673749fb55640879ff28699144e81fbe4f720cf79,e7a65902d75b4f15f6fd014033a754eaa271088dda2b11f8f7d2c7fa0116d9a7,1
17,1300000,1,c4_late_modulation,production,0,0,4,3,1,1,1,4,3,1,1,1,6,1,4,5,0,0,0,0,1,7,6,6,cc280a373d429c0beab80a9673749fb55640879ff28699144e81fbe4f720cf79,e7a65902d75b4f15f6fd014033a754eaa271088dda2b11f8f7d2c7fa0116d9a7,1
18,1300000,1,c5_dense_distractors,reference,1,0,4,7,1,2,1,4,4,1,1,1,71,1,37,38,1,0,0,0,2,73,2,2,529f13c15ec4757c7a95616e9b82bf06a57e784715418c1c1147b7eddf75f83d,424ef684bacee341c7b6c52e6b63bcdd832c81fe8e3eeaefab6291612a650687,1
18,1300000,1,c5_dense_distractors,production,1,0,4,7,1,2,1,4,4,1,1,1,71,1,37,38,1,0,0,0,2,73,2,2,529f13c15ec4757c7a95616e9b82bf06a57e784715418c1c1147b7eddf75f83d,424ef684bacee341c7b6c52e6b63bcdd832c81fe8e3eeaefab6291612a650687,1
19,1300000,1,c6_swapped_identity,reference,1,0,4,7,1,2,1,4,4,1,1,1,6,1,4,5,1,0,0,0,1,8,1,1,b4d770fcecfe2bea1da1d9898de4e60a68917fe86ad759dac26d246dc5bddfac,109765f99c9247a430403d1e4412e84d38298f876d11083932cf81b0bfdf2d7b,1
19,1300000,1,c6_swapped_identity,production,1,0,4,7,1,2,1,4,4,1,1,1,6,1,4,5,1,0,0,0,1,8,1,1,b4d770fcecfe2bea1da1d9898de4e60a68917fe86ad759dac26d246dc5bddfac,109765f99c9247a430403d1e4412e84d38298f876d11083932cf81b0bfdf2d7b,1
20,1300000,1,c6_reverse_order,reference,1,0,4,7,1,2,1,4,4,1,1,1,6,1,4,5,1,0,0,0,1,8,1,1,eab3644f0dcbfcc7d7d9a5d28cef7d1babaa32ac7b3cb5c3c7a0b3a2ec3a6600,e34a785e5ef9d2371a309e1220a011f41a4e51e6905da2501266f1f14d7e02c2,1
20,1300000,1,c6_reverse_order,production,1,0,4,7,1,2,1,4,4,1,1,1,6,1,4,5,1,0,0,0,1,8,1,1,eab3644f0dcbfcc7d7d9a5d28cef7d1babaa32ac7b3cb5c3c7a0b3a2ec3a6600,e34a785e5ef9d2371a309e1220a011f41a4e51e6905da2501266f1f14d7e02c2,1
21,1300000,1,c6_timing_offset,reference,1,0,4,7,1,2,1,4,4,1,1,1,6,1,4,5,1,0,0,0,1,8,3,3,4f8d2d7e64cf4d45d4cc3111c327241e3c5219a9f13e9efb7df1d21c38fe5920,39384aba92c0f9453740aac01a80bf469d2efe75a9bdeedd98c0fc56e7c501ee,1
21,1300000,1,c6_timing_offset,production,1,0,4,7,1,2,1,4,4,1,1,1,6,1,4,5,1,0,0,0,1,8,3,3,4f8d2d7e64cf4d45d4cc3111c327241e3c5219a9f13e9efb7df1d21c38fe5920,39384aba92c0f9453740aac01a80bf469d2efe75a9bdeedd98c0fc56e7c501ee,1
22,1300000,1,c7_contact_fanout,reference,1,1,4,7,1,2,1,4,7,1,2,1,6,1,4,5,2,0,0,0,1,9,1,1,33cee5ced3b52d4d243a534721d767fbc64ac2bb3f785ea80e6828d479da5b1d,18570242ab8e8800ba60b289874d7de7495e67b28b84ffbd64868b1c29056812,1
22,1300000,1,c7_contact_fanout,production,1,1,4,7,1,2,1,4,7,1,2,1,6,1,4,5,2,0,0,0,1,9,1,1,33cee5ced3b52d4d243a534721d767fbc64ac2bb3f785ea80e6828d479da5b1d,18570242ab8e8800ba60b289874d7de7495e67b28b84ffbd64868b1c29056812,1
23,1300000,2,old_source_local,reference,1,1,4,7,1,2,1,4,7,1,2,1,4,1,2,3,2,0,0,0,1,7,2,2,e71ddff89293463eb300487aac3adfae30f98a5c4eb5b43a0ab4cc23bebc76aa,87cb30fff54b84ea1371524398dee4056b80877e29d3caf01e001d71f4ce4c86,1
23,1300000,2,old_source_local,production,1,1,4,7,1,2,1,4,7,1,2,1,4,1,2,3,2,0,0,0,1,7,2,2,e71ddff89293463eb300487aac3adfae30f98a5c4eb5b43a0ab4cc23bebc76aa,87cb30fff54b84ea1371524398dee4056b80877e29d3caf01e001d71f4ce4c86,1
24,1300000,2,c0_contact_a,reference,1,0,4,7,1,2,1,4,4,1,1,1,6,1,4,5,1,0,0,0,1,8,2,2,fe339284b116588472ee86cd91b49045b84bacb57cf1053a69399eab2caa49c9,d1d437b0e07644b1a7975845715c4a33c735c803d8408d025a455487879ad8de,1
24,1300000,2,c0_contact_a,production,1,0,4,7,1,2,1,4,4,1,1,1,6,1,4,5,1,0,0,0,1,8,2,2,fe339284b116588472ee86cd91b49045b84bacb57cf1053a69399eab2caa49c9,d1d437b0e07644b1a7975845715c4a33c735c803d8408d025a455487879ad8de,1
25,1300000,2,c1_contact_b,reference,0,1,4,4,1,1,1,4,7,1,2,1,6,1,4,5,1,0,0,0,1,8,2,2,38762a30a375954b0f0d41a20ab7b67f5e19d1e6e7d72912d2f8d44fa264f0d9,d50ce135c3ff893ef7a6988f06a36535e3857e69aa484b11e101928e2a9389a6,1
25,1300000,2,c1_contact_b,production,0,1,4,4,1,1,1,4,7,1,2,1,6,1,4,5,1,0,0,0,1,8,2,2,38762a30a375954b0f0d41a20ab7b67f5e19d1e6e7d72912d2f8d44fa264f0d9,d50ce135c3ff893ef7a6988f06a36535e3857e69aa484b11e101928e2a9389a6,1
26,1300000,2,c2_a_not_traversed,reference,0,0,4,4,1,1,1,4,4,1,1,1,3,1,2,2,0,0,0,0,0,4,2,2,3f78fd6a8f7ce1462d8be335cde8b66d15251fe4e20d58bcc99d6d5f5cda04e7,bf1c6d057bd4d92d9ef76ef8c44c4fe0193332305255ae78108f5c77abf1e51c,1
26,1300000,2,c2_a_not_traversed,production,0,0,4,4,1,1,1,4,4,1,1,1,3,1,2,2,0,0,0,0,0,4,2,2,3f78fd6a8f7ce1462d8be335cde8b66d15251fe4e20d58bcc99d6d5f5cda04e7,bf1c6d057bd4d92d9ef76ef8c44c4fe0193332305255ae78108f5c77abf1e51c,1
27,1300000,2,c3_drive_at_ca,reference,0,0,4,4,1,1,1,4,4,1,1,1,7,0,4,5,0,0,0,0,2,7,3,3,404a0c237ec529f7332883f2f4e556082a42bd50dd0b4f39e75367289e769ad5,2dd327c5a5b82d5dfc1eeab45b6cf6c74d1e910b8aead18126e8da2fb85bb216,1
27,1300000,2,c3_drive_at_ca,production,0,0,4,4,1,1,1,4,4,1,1,1,7,0,4,5,0,0,0,0,2,7,3,3,404a0c237ec529f7332883f2f4e556082a42bd50dd0b4f39e75367289e769ad5,2dd327c5a5b82d5dfc1eeab45b6cf6c74d1e910b8aead18126e8da2fb85bb216,1
28,1300000,2,c4_late_modulation,reference,0,0,4,3,1,1,1,4,3,1,1,1,6,1,4,5,0,0,0,0,1,7,7,7,68e80f7cb3c74861af2c1c9a7ce26e3f8d5137f0b5b3d40f66dc243e663c96e9,e7a65902d75b4f15f6fd014033a754eaa271088dda2b11f8f7d2c7fa0116d9a7,1
28,1300000,2,c4_late_modulation,production,0,0,4,3,1,1,1,4,3,1,1,1,6,1,4,5,0,0,0,0,1,7,7,7,68e80f7cb3c74861af2c1c9a7ce26e3f8d5137f0b5b3d40f66dc243e663c96e9,e7a65902d75b4f15f6fd014033a754eaa271088dda2b11f8f7d2c7fa0116d9a7,1
29,1300000,2,c5_dense_distractors,reference,1,0,4,7,1,2,1,4,4,1,1,1,71,1,37,38,1,0,0,0,2,73,3,3,052a72e68d35b53dffc439fb8a790d7aaf08f591b0dcf3aae8d0b8f3aa8bcd52,424ef684bacee341c7b6c52e6b63bcdd832c81fe8e3eeaefab6291612a650687,1
29,1300000,2,c5_dense_distractors,production,1,0,4,7,1,2,1,4,4,1,1,1,71,1,37,38,1,0,0,0,2,73,3,3,052a72e68d35b53dffc439fb8a790d7aaf08f591b0dcf3aae8d0b8f3aa8bcd52,424ef684bacee341c7b6c52e6b63bcdd832c81fe8e3eeaefab6291612a650687,1
30,1300000,2,c6_swapped_identity,reference,1,0,4,7,1,2,1,4,4,1,1,1,6,1,4,5,1,0,0,0,1,8,2,2,5ba294b82cd8632a55563f1761d9da594aa29f9bf320285f0766ee4f7ea78a84,109765f99c9247a430403d1e4412e84d38298f876d11083932cf81b0bfdf2d7b,1
30,1300000,2,c6_swapped_identity,production,1,0,4,7,1,2,1,4,4,1,1,1,6,1,4,5,1,0,0,0,1,8,2,2,5ba294b82cd8632a55563f1761d9da594aa29f9bf320285f0766ee4f7ea78a84,109765f99c9247a430403d1e4412e84d38298f876d11083932cf81b0bfdf2d7b,1
31,1300000,2,c6_reverse_order,reference,1,0,4,7,1,2,1,4,4,1,1,1,6,1,4,5,1,0,0,0,1,8,2,2,ac15d7e9d99df3d8462aa38857175b42657f843604f7e726203f5d6b648334bb,e34a785e5ef9d2371a309e1220a011f41a4e51e6905da2501266f1f14d7e02c2,1
31,1300000,2,c6_reverse_order,production,1,0,4,7,1,2,1,4,4,1,1,1,6,1,4,5,1,0,0,0,1,8,2,2,ac15d7e9d99df3d8462aa38857175b42657f843604f7e726203f5d6b648334bb,e34a785e5ef9d2371a309e1220a011f41a4e51e6905da2501266f1f14d7e02c2,1
32,1300000,2,c6_timing_offset,reference,1,0,4,7,1,2,1,4,4,1,1,1,6,1,4,5,1,0,0,0,1,8,4,4,0081be0b3be8ebf2066a4aadcf3d48c4bc9b87ccfd01b01e751b5071f0d2f7cb,39384aba92c0f9453740aac01a80bf469d2efe75a9bdeedd98c0fc56e7c501ee,1
32,1300000,2,c6_timing_offset,production,1,0,4,7,1,2,1,4,4,1,1,1,6,1,4,5,1,0,0,0,1,8,4,4,0081be0b3be8ebf2066a4aadcf3d48c4bc9b87ccfd01b01e751b5071f0d2f7cb,39384aba92c0f9453740aac01a80bf469d2efe75a9bdeedd98c0fc56e7c501ee,1
33,1300000,2,c7_contact_fanout,reference,1,1,4,7,1,2,1,4,7,1,2,1,6,1,4,5,2,0,0,0,1,9,2,2,4719a7b00d9451d8a78451b3dc413df2666f3ff219da12e2fe37584a49a77953,18570242ab8e8800ba60b289874d7de7495e67b28b84ffbd64868b1c29056812,1
33,1300000,2,c7_contact_fanout,production,1,1,4,7,1,2,1,4,7,1,2,1,6,1,4,5,2,0,0,0,1,9,2,2,4719a7b00d9451d8a78451b3dc413df2666f3ff219da12e2fe37584a49a77953,18570242ab8e8800ba60b289874d7de7495e67b28b84ffbd64868b1c29056812,1
34,1300000,3,old_source_local,reference,1,1,4,7,1,2,1,4,7,1,2,1,4,1,2,3,2,0,0,0,1,7,3,3,581072010738e86236de7b07507d9a7f50cffcff9be1b572155f03d88f718b16,87cb30fff54b84ea1371524398dee4056b80877e29d3caf01e001d71f4ce4c86,1
34,1300000,3,old_source_local,production,1,1,4,7,1,2,1,4,7,1,2,1,4,1,2,3,2,0,0,0,1,7,3,3,581072010738e86236de7b07507d9a7f50cffcff9be1b572155f03d88f718b16,87cb30fff54b84ea1371524398dee4056b80877e29d3caf01e001d71f4ce4c86,1
35,1300000,3,c0_contact_a,reference,1,0,4,7,1,2,1,4,4,1,1,1,6,1,4,5,1,0,0,0,1,8,3,3,a814dcdffe7b36635087ec89970df6748a1497b8ba3bfa05100a1c5f88d34893,d1d437b0e07644b1a7975845715c4a33c735c803d8408d025a455487879ad8de,1
35,1300000,3,c0_contact_a,production,1,0,4,7,1,2,1,4,4,1,1,1,6,1,4,5,1,0,0,0,1,8,3,3,a814dcdffe7b36635087ec89970df6748a1497b8ba3bfa05100a1c5f88d34893,d1d437b0e07644b1a7975845715c4a33c735c803d8408d025a455487879ad8de,1
36,1300000,3,c1_contact_b,reference,0,1,4,4,1,1,1,4,7,1,2,1,6,1,4,5,1,0,0,0,1,8,3,3,69cf84ffa4514f096a0462df74bffdd99bf0a578ba96bd2511116d60169b5d9f,d50ce135c3ff893ef7a6988f06a36535e3857e69aa484b11e101928e2a9389a6,1
36,1300000,3,c1_contact_b,production,0,1,4,4,1,1,1,4,7,1,2,1,6,1,4,5,1,0,0,0,1,8,3,3,69cf84ffa4514f096a0462df74bffdd99bf0a578ba96bd2511116d60169b5d9f,d50ce135c3ff893ef7a6988f06a36535e3857e69aa484b11e101928e2a9389a6,1
37,1300000,3,c2_a_not_traversed,reference,0,0,4,4,1,1,1,4,4,1,1,1,3,1,2,2,0,0,0,0,0,4,3,3,5cfc90de797c90078df796a518bbceee34d5434d82a172f5902598ab58030021,bf1c6d057bd4d92d9ef76ef8c44c4fe0193332305255ae78108f5c77abf1e51c,1
37,1300000,3,c2_a_not_traversed,production,0,0,4,4,1,1,1,4,4,1,1,1,3,1,2,2,0,0,0,0,0,4,3,3,5cfc90de797c90078df796a518bbceee34d5434d82a172f5902598ab58030021,bf1c6d057bd4d92d9ef76ef8c44c4fe0193332305255ae78108f5c77abf1e51c,1
38,1300000,3,c3_drive_at_ca,reference,0,0,4,4,1,1,1,4,4,1,1,1,7,0,4,5,0,0,0,0,2,7,4,4,34a236ca17272828253b51e22f8ac542b33dcc8e7a53e8d36bcdad1f32c5f532,2dd327c5a5b82d5dfc1eeab45b6cf6c74d1e910b8aead18126e8da2fb85bb216,1
38,1300000,3,c3_drive_at_ca,production,0,0,4,4,1,1,1,4,4,1,1,1,7,0,4,5,0,0,0,0,2,7,4,4,34a236ca17272828253b51e22f8ac542b33dcc8e7a53e8d36bcdad1f32c5f532,2dd327c5a5b82d5dfc1eeab45b6cf6c74d1e910b8aead18126e8da2fb85bb216,1
39,1300000,3,c4_late_modulation,reference,0,0,4,3,1,1,1,4,3,1,1,1,6,1,4,5,0,0,0,0,1,7,8,8,bbd83941dfd74ed22706bd1f9379c74cbbc5cc48d6e20efacd22fb5c15929e1f,e7a65902d75b4f15f6fd014033a754eaa271088dda2b11f8f7d2c7fa0116d9a7,1
39,1300000,3,c4_late_modulation,production,0,0,4,3,1,1,1,4,3,1,1,1,6,1,4,5,0,0,0,0,1,7,8,8,bbd83941dfd74ed22706bd1f9379c74cbbc5cc48d6e20efacd22fb5c15929e1f,e7a65902d75b4f15f6fd014033a754eaa271088dda2b11f8f7d2c7fa0116d9a7,1
40,1300000,3,c5_dense_distractors,reference,1,0,4,7,1,2,1,4,4,1,1,1,71,1,37,38,1,0,0,0,2,73,4,4,48b1285e517a06a40f3522dd4c789f0768cc2056a395bf4edf982484f6678322,424ef684bacee341c7b6c52e6b63bcdd832c81fe8e3eeaefab6291612a650687,1
40,1300000,3,c5_dense_distractors,production,1,0,4,7,1,2,1,4,4,1,1,1,71,1,37,38,1,0,0,0,2,73,4,4,48b1285e517a06a40f3522dd4c789f0768cc2056a395bf4edf982484f6678322,424ef684bacee341c7b6c52e6b63bcdd832c81fe8e3eeaefab6291612a650687,1
41,1300000,3,c6_swapped_identity,reference,1,0,4,7,1,2,1,4,4,1,1,1,6,1,4,5,1,0,0,0,1,8,3,3,218b1533197d4ebf37e385c81b79df8e9f571c18bb595bb671908ee9feaf8c77,109765f99c9247a430403d1e4412e84d38298f876d11083932cf81b0bfdf2d7b,1
41,1300000,3,c6_swapped_identity,production,1,0,4,7,1,2,1,4,4,1,1,1,6,1,4,5,1,0,0,0,1,8,3,3,218b1533197d4ebf37e385c81b79df8e9f571c18bb595bb671908ee9feaf8c77,109765f99c9247a430403d1e4412e84d38298f876d11083932cf81b0bfdf2d7b,1
42,1300000,3,c6_reverse_order,reference,1,0,4,7,1,2,1,4,4,1,1,1,6,1,4,5,1,0,0,0,1,8,3,3,ff46e8344b2ca70b672d0e3f0997854eb3bb8143ac928f57d77d9759c4f6c9e6,e34a785e5ef9d2371a309e1220a011f41a4e51e6905da2501266f1f14d7e02c2,1
42,1300000,3,c6_reverse_order,production,1,0,4,7,1,2,1,4,4,1,1,1,6,1,4,5,1,0,0,0,1,8,3,3,ff46e8344b2ca70b672d0e3f0997854eb3bb8143ac928f57d77d9759c4f6c9e6,e34a785e5ef9d2371a309e1220a011f41a4e51e6905da2501266f1f14d7e02c2,1
43,1300000,3,c6_timing_offset,reference,1,0,4,7,1,2,1,4,4,1,1,1,6,1,4,5,1,0,0,0,1,8,5,5,c4fc0c6db7a44155835512a4005e451701d6bd7ab329b3f8639b8f7a14c5a0e9,39384aba92c0f9453740aac01a80bf469d2efe75a9bdeedd98c0fc56e7c501ee,1
43,1300000,3,c6_timing_offset,production,1,0,4,7,1,2,1,4,4,1,1,1,6,1,4,5,1,0,0,0,1,8,5,5,c4fc0c6db7a44155835512a4005e451701d6bd7ab329b3f8639b8f7a14c5a0e9,39384aba92c0f9453740aac01a80bf469d2efe75a9bdeedd98c0fc56e7c501ee,1
44,1300000,3,c7_contact_fanout,reference,1,1,4,7,1,2,1,4,7,1,2,1,6,1,4,5,2,0,0,0,1,9,3,3,fedb5fcb4024191cc72720f571c173b2d952201a9381680c3f4cf329d4bd11bc,18570242ab8e8800ba60b289874d7de7495e67b28b84ffbd64868b1c29056812,1
44,1300000,3,c7_contact_fanout,production,1,1,4,7,1,2,1,4,7,1,2,1,6,1,4,5,2,0,0,0,1,9,3,3,fedb5fcb4024191cc72720f571c173b2d952201a9381680c3f4cf329d4bd11bc,18570242ab8e8800ba60b289874d7de7495e67b28b84ffbd64868b1c29056812,1
45,1300000,4,old_source_local,reference,1,1,4,7,1,2,1,4,7,1,2,1,4,1,2,3,2,0,0,0,1,7,4,4,aa4b38e7881e3b27d518efa70bdbf5f358966fdf74bc96235ef2ef7557b26bd4,87cb30fff54b84ea1371524398dee4056b80877e29d3caf01e001d71f4ce4c86,1
45,1300000,4,old_source_local,production,1,1,4,7,1,2,1,4,7,1,2,1,4,1,2,3,2,0,0,0,1,7,4,4,aa4b38e7881e3b27d518efa70bdbf5f358966fdf74bc96235ef2ef7557b26bd4,87cb30fff54b84ea1371524398dee4056b80877e29d3caf01e001d71f4ce4c86,1
46,1300000,4,c0_contact_a,reference,1,0,4,7,1,2,1,4,4,1,1,1,6,1,4,5,1,0,0,0,1,8,4,4,b300284578cebe934787078944f2d651d74b0f1320323bca4227bfcdfd16346b,d1d437b0e07644b1a7975845715c4a33c735c803d8408d025a455487879ad8de,1
46,1300000,4,c0_contact_a,production,1,0,4,7,1,2,1,4,4,1,1,1,6,1,4,5,1,0,0,0,1,8,4,4,b300284578cebe934787078944f2d651d74b0f1320323bca4227bfcdfd16346b,d1d437b0e07644b1a7975845715c4a33c735c803d8408d025a455487879ad8de,1
47,1300000,4,c1_contact_b,reference,0,1,4,4,1,1,1,4,7,1,2,1,6,1,4,5,1,0,0,0,1,8,4,4,137c237ad77c510f7220b8c3624f7289edb1cb94c955fd1267dcab91f4b03283,d50ce135c3ff893ef7a6988f06a36535e3857e69aa484b11e101928e2a9389a6,1
47,1300000,4,c1_contact_b,production,0,1,4,4,1,1,1,4,7,1,2,1,6,1,4,5,1,0,0,0,1,8,4,4,137c237ad77c510f7220b8c3624f7289edb1cb94c955fd1267dcab91f4b03283,d50ce135c3ff893ef7a6988f06a36535e3857e69aa484b11e101928e2a9389a6,1
48,1300000,4,c2_a_not_traversed,reference,0,0,4,4,1,1,1,4,4,1,1,1,3,1,2,2,0,0,0,0,0,4,4,4,6009bb072f868fe455767f306d6b56e5cdd16b4cdcb9541589e98172cd3cb941,bf1c6d057bd4d92d9ef76ef8c44c4fe0193332305255ae78108f5c77abf1e51c,1
48,1300000,4,c2_a_not_traversed,production,0,0,4,4,1,1,1,4,4,1,1,1,3,1,2,2,0,0,0,0,0,4,4,4,6009bb072f868fe455767f306d6b56e5cdd16b4cdcb9541589e98172cd3cb941,bf1c6d057bd4d92d9ef76ef8c44c4fe0193332305255ae78108f5c77abf1e51c,1
49,1300000,4,c3_drive_at_ca,reference,0,0,4,4,1,1,1,4,4,1,1,1,7,0,4,5,0,0,0,0,2,7,5,5,afeda5e1c1f2a7fc695523b93d836803d9b250f0923a151424c75f01e2f46aca,2dd327c5a5b82d5dfc1eeab45b6cf6c74d1e910b8aead18126e8da2fb85bb216,1
49,1300000,4,c3_drive_at_ca,production,0,0,4,4,1,1,1,4,4,1,1,1,7,0,4,5,0,0,0,0,2,7,5,5,afeda5e1c1f2a7fc695523b93d836803d9b250f0923a151424c75f01e2f46aca,2dd327c5a5b82d5dfc1eeab45b6cf6c74d1e910b8aead18126e8da2fb85bb216,1
50,1300000,4,c4_late_modulation,reference,0,0,4,3,1,1,1,4,3,1,1,1,6,1,4,5,0,0,0,0,1,7,9,9,be146e30c2cd38411344fdbe87d3a5f1fb5879c68f955896dc3160a7dde95993,e7a65902d75b4f15f6fd014033a754eaa271088dda2b11f8f7d2c7fa0116d9a7,1
50,1300000,4,c4_late_modulation,production,0,0,4,3,1,1,1,4,3,1,1,1,6,1,4,5,0,0,0,0,1,7,9,9,be146e30c2cd38411344fdbe87d3a5f1fb5879c68f955896dc3160a7dde95993,e7a65902d75b4f15f6fd014033a754eaa271088dda2b11f8f7d2c7fa0116d9a7,1
51,1300000,4,c5_dense_distractors,reference,1,0,4,7,1,2,1,4,4,1,1,1,71,1,37,38,1,0,0,0,2,73,5,5,8f978912fec48501cb02b291562775c0dd64695b3a1c15682b76f625b6c84305,424ef684bacee341c7b6c52e6b63bcdd832c81fe8e3eeaefab6291612a650687,1
51,1300000,4,c5_dense_distractors,production,1,0,4,7,1,2,1,4,4,1,1,1,71,1,37,38,1,0,0,0,2,73,5,5,8f978912fec48501cb02b291562775c0dd64695b3a1c15682b76f625b6c84305,424ef684bacee341c7b6c52e6b63bcdd832c81fe8e3eeaefab6291612a650687,1
52,1300000,4,c6_swapped_identity,reference,1,0,4,7,1,2,1,4,4,1,1,1,6,1,4,5,1,0,0,0,1,8,4,4,99b5fb7babb0ab99be1cbee63debbe706be43364056a9923f762c85a75789401,109765f99c9247a430403d1e4412e84d38298f876d11083932cf81b0bfdf2d7b,1
52,1300000,4,c6_swapped_identity,production,1,0,4,7,1,2,1,4,4,1,1,1,6,1,4,5,1,0,0,0,1,8,4,4,99b5fb7babb0ab99be1cbee63debbe706be43364056a9923f762c85a75789401,109765f99c9247a430403d1e4412e84d38298f876d11083932cf81b0bfdf2d7b,1
53,1300000,4,c6_reverse_order,reference,1,0,4,7,1,2,1,4,4,1,1,1,6,1,4,5,1,0,0,0,1,8,4,4,6c4fc6f06fe97755311856fbfd703a65f74821322d24f11eeef3c171e1ad6840,e34a785e5ef9d2371a309e1220a011f41a4e51e6905da2501266f1f14d7e02c2,1
53,1300000,4,c6_reverse_order,production,1,0,4,7,1,2,1,4,4,1,1,1,6,1,4,5,1,0,0,0,1,8,4,4,6c4fc6f06fe97755311856fbfd703a65f74821322d24f11eeef3c171e1ad6840,e34a785e5ef9d2371a309e1220a011f41a4e51e6905da2501266f1f14d7e02c2,1
54,1300000,4,c6_timing_offset,reference,1,0,4,7,1,2,1,4,4,1,1,1,6,1,4,5,1,0,0,0,1,8,6,6,82f74a83b63bd3cc69594396c2fbac66639b03a8b8f456859c410a027ec7bc78,39384aba92c0f9453740aac01a80bf469d2efe75a9bdeedd98c0fc56e7c501ee,1
54,1300000,4,c6_timing_offset,production,1,0,4,7,1,2,1,4,4,1,1,1,6,1,4,5,1,0,0,0,1,8,6,6,82f74a83b63bd3cc69594396c2fbac66639b03a8b8f456859c410a027ec7bc78,39384aba92c0f9453740aac01a80bf469d2efe75a9bdeedd98c0fc56e7c501ee,1
55,1300000,4,c7_contact_fanout,reference,1,1,4,7,1,2,1,4,7,1,2,1,6,1,4,5,2,0,0,0,1,9,4,4,a330b393426b10be8d5fe1db6095ea01a955a51d5e4d74a727ae104d7b5b9bc7,18570242ab8e8800ba60b289874d7de7495e67b28b84ffbd64868b1c29056812,1
55,1300000,4,c7_contact_fanout,production,1,1,4,7,1,2,1,4,7,1,2,1,6,1,4,5,2,0,0,0,1,9,4,4,a330b393426b10be8d5fe1db6095ea01a955a51d5e4d74a727ae104d7b5b9bc7,18570242ab8e8800ba60b289874d7de7495e67b28b84ffbd64868b1c29056812,1
56,1300000,5,old_source_local,reference,1,1,4,7,1,2,1,4,7,1,2,1,4,1,2,3,2,0,0,0,1,7,5,5,c0c15248b1ed858c5cff54b76c73e3460184c72c67c23a5b5535f0c0cdd41baa,87cb30fff54b84ea1371524398dee4056b80877e29d3caf01e001d71f4ce4c86,1
56,1300000,5,old_source_local,production,1,1,4,7,1,2,1,4,7,1,2,1,4,1,2,3,2,0,0,0,1,7,5,5,c0c15248b1ed858c5cff54b76c73e3460184c72c67c23a5b5535f0c0cdd41baa,87cb30fff54b84ea1371524398dee4056b80877e29d3caf01e001d71f4ce4c86,1
57,1300000,5,c0_contact_a,reference,1,0,4,7,1,2,1,4,4,1,1,1,6,1,4,5,1,0,0,0,1,8,5,5,42f305bd71780b7e4ed6344858f81c3e56bd732a6f1f0a4cf18781e5577222e0,d1d437b0e07644b1a7975845715c4a33c735c803d8408d025a455487879ad8de,1
57,1300000,5,c0_contact_a,production,1,0,4,7,1,2,1,4,4,1,1,1,6,1,4,5,1,0,0,0,1,8,5,5,42f305bd71780b7e4ed6344858f81c3e56bd732a6f1f0a4cf18781e5577222e0,d1d437b0e07644b1a7975845715c4a33c735c803d8408d025a455487879ad8de,1
58,1300000,5,c1_contact_b,reference,0,1,4,4,1,1,1,4,7,1,2,1,6,1,4,5,1,0,0,0,1,8,5,5,361572fa379ad5610ce1c8a5e325dece04fcbf58e152371cb383d5a72b38c3f7,d50ce135c3ff893ef7a6988f06a36535e3857e69aa484b11e101928e2a9389a6,1
58,1300000,5,c1_contact_b,production,0,1,4,4,1,1,1,4,7,1,2,1,6,1,4,5,1,0,0,0,1,8,5,5,361572fa379ad5610ce1c8a5e325dece04fcbf58e152371cb383d5a72b38c3f7,d50ce135c3ff893ef7a6988f06a36535e3857e69aa484b11e101928e2a9389a6,1
59,1300000,5,c2_a_not_traversed,reference,0,0,4,4,1,1,1,4,4,1,1,1,3,1,2,2,0,0,0,0,0,4,5,5,094dcaac914ce114d62040ea22e0e5564539b963d35f41019da47a66eb60092a,bf1c6d057bd4d92d9ef76ef8c44c4fe0193332305255ae78108f5c77abf1e51c,1
59,1300000,5,c2_a_not_traversed,production,0,0,4,4,1,1,1,4,4,1,1,1,3,1,2,2,0,0,0,0,0,4,5,5,094dcaac914ce114d62040ea22e0e5564539b963d35f41019da47a66eb60092a,bf1c6d057bd4d92d9ef76ef8c44c4fe0193332305255ae78108f5c77abf1e51c,1
60,1300000,5,c3_drive_at_ca,reference,0,0,4,4,1,1,1,4,4,1,1,1,7,0,4,5,0,0,0,0,2,7,6,6,117982ccc4c1f81536026708871a33fac2b6ef0aaa41aaa21804439bc4f3c86e,2dd327c5a5b82d5dfc1eeab45b6cf6c74d1e910b8aead18126e8da2fb85bb216,1
60,1300000,5,c3_drive_at_ca,production,0,0,4,4,1,1,1,4,4,1,1,1,7,0,4,5,0,0,0,0,2,7,6,6,117982ccc4c1f81536026708871a33fac2b6ef0aaa41aaa21804439bc4f3c86e,2dd327c5a5b82d5dfc1eeab45b6cf6c74d1e910b8aead18126e8da2fb85bb216,1
61,1300000,5,c4_late_modulation,reference,0,0,4,2,1,1,1,4,2,1,1,1,6,1,4,5,0,0,0,0,1,7,10,0,dfe3ca7423ee05c2e26e5a095ea66bdaac0abc6dfdeca6e0488241bf193e6474,8874d1a87ad5d50ab68fb94a22fb5dbe255e6ee4eebfd41debc5c3ae7aace7bd,1
61,1300000,5,c4_late_modulation,production,0,0,4,2,1,1,1,4,2,1,1,1,6,1,4,5,0,0,0,0,1,7,10,0,dfe3ca7423ee05c2e26e5a095ea66bdaac0abc6dfdeca6e0488241bf193e6474,8874d1a87ad5d50ab68fb94a22fb5dbe255e6ee4eebfd41debc5c3ae7aace7bd,1
62,1300000,5,c5_dense_distractors,reference,1,0,4,7,1,2,1,4,4,1,1,1,71,1,37,38,1,0,0,0,2,73,6,6,7b4312fbe27a7823fb15c0368f8042b7ed26ddb8ef8c3e6134c15aee01f551b8,424ef684bacee341c7b6c52e6b63bcdd832c81fe8e3eeaefab6291612a650687,1
62,1300000,5,c5_dense_distractors,production,1,0,4,7,1,2,1,4,4,1,1,1,71,1,37,38,1,0,0,0,2,73,6,6,7b4312fbe27a7823fb15c0368f8042b7ed26ddb8ef8c3e6134c15aee01f551b8,424ef684bacee341c7b6c52e6b63bcdd832c81fe8e3eeaefab6291612a650687,1
63,1300000,5,c6_swapped_identity,reference,1,0,4,7,1,2,1,4,4,1,1,1,6,1,4,5,1,0,0,0,1,8,5,5,965d7778ee975073181202028a0258c443e56b1be70d43853fea3a48b3937e27,109765f99c9247a430403d1e4412e84d38298f876d11083932cf81b0bfdf2d7b,1
63,1300000,5,c6_swapped_identity,production,1,0,4,7,1,2,1,4,4,1,1,1,6,1,4,5,1,0,0,0,1,8,5,5,965d7778ee975073181202028a0258c443e56b1be70d43853fea3a48b3937e27,109765f99c9247a430403d1e4412e84d38298f876d11083932cf81b0bfdf2d7b,1
64,1300000,5,c6_reverse_order,reference,1,0,4,7,1,2,1,4,4,1,1,1,6,1,4,5,1,0,0,0,1,8,5,5,cd334664c0f0aeed44afe97dde6b2c9a5e2a841c54295b5691ed7927a9b428f5,e34a785e5ef9d2371a309e1220a011f41a4e51e6905da2501266f1f14d7e02c2,1
64,1300000,5,c6_reverse_order,production,1,0,4,7,1,2,1,4,4,1,1,1,6,1,4,5,1,0,0,0,1,8,5,5,cd334664c0f0aeed44afe97dde6b2c9a5e2a841c54295b5691ed7927a9b428f5,e34a785e5ef9d2371a309e1220a011f41a4e51e6905da2501266f1f14d7e02c2,1
65,1300000,5,c6_timing_offset,reference,1,0,4,7,1,2,1,4,4,1,1,1,6,1,4,5,1,0,0,0,1,8,7,7,7ce7607b308e44c989fa4f7121d9af2e1778d76f89265a5660aa70c92aa2b5f8,39384aba92c0f9453740aac01a80bf469d2efe75a9bdeedd98c0fc56e7c501ee,1
65,1300000,5,c6_timing_offset,production,1,0,4,7,1,2,1,4,4,1,1,1,6,1,4,5,1,0,0,0,1,8,7,7,7ce7607b308e44c989fa4f7121d9af2e1778d76f89265a5660aa70c92aa2b5f8,39384aba92c0f9453740aac01a80bf469d2efe75a9bdeedd98c0fc56e7c501ee,1
66,1300000,5,c7_contact_fanout,reference,1,1,4,7,1,2,1,4,7,1,2,1,6,1,4,5,2,0,0,0,1,9,5,5,27e1c921ddb5c167d53d048603e30282854b66b385535275be6fc7817af6d554,18570242ab8e8800ba60b289874d7de7495e67b28b84ffbd64868b1c29056812,1
66,1300000,5,c7_contact_fanout,production,1,1,4,7,1,2,1,4,7,1,2,1,6,1,4,5,2,0,0,0,1,9,5,5,27e1c921ddb5c167d53d048603e30282854b66b385535275be6fc7817af6d554,18570242ab8e8800ba60b289874d7de7495e67b28b84ffbd64868b1c29056812,1
67,1300000,6,old_source_local,reference,1,1,4,7,1,2,1,4,7,1,2,1,4,1,2,3,2,0,0,0,1,7,6,6,b53e240723e8daa4eb5c8d04703935f3681dd82283707ba4f655d7f7ed701f56,87cb30fff54b84ea1371524398dee4056b80877e29d3caf01e001d71f4ce4c86,1
67,1300000,6,old_source_local,production,1,1,4,7,1,2,1,4,7,1,2,1,4,1,2,3,2,0,0,0,1,7,6,6,b53e240723e8daa4eb5c8d04703935f3681dd82283707ba4f655d7f7ed701f56,87cb30fff54b84ea1371524398dee4056b80877e29d3caf01e001d71f4ce4c86,1
68,1300000,6,c0_contact_a,reference,1,0,4,7,1,2,1,4,4,1,1,1,6,1,4,5,1,0,0,0,1,8,6,6,8e7756f55d75b8828d9dec26f0683f0b679a7c5666d600fdc7808654829d512a,d1d437b0e07644b1a7975845715c4a33c735c803d8408d025a455487879ad8de,1
68,1300000,6,c0_contact_a,production,1,0,4,7,1,2,1,4,4,1,1,1,6,1,4,5,1,0,0,0,1,8,6,6,8e7756f55d75b8828d9dec26f0683f0b679a7c5666d600fdc7808654829d512a,d1d437b0e07644b1a7975845715c4a33c735c803d8408d025a455487879ad8de,1
69,1300000,6,c1_contact_b,reference,0,1,4,4,1,1,1,4,7,1,2,1,6,1,4,5,1,0,0,0,1,8,6,6,303592a47f5c88c821fe2eb08fa42615e3295dce870f8f89e62995cce129e2a4,d50ce135c3ff893ef7a6988f06a36535e3857e69aa484b11e101928e2a9389a6,1
69,1300000,6,c1_contact_b,production,0,1,4,4,1,1,1,4,7,1,2,1,6,1,4,5,1,0,0,0,1,8,6,6,303592a47f5c88c821fe2eb08fa42615e3295dce870f8f89e62995cce129e2a4,d50ce135c3ff893ef7a6988f06a36535e3857e69aa484b11e101928e2a9389a6,1
70,1300000,6,c2_a_not_traversed,reference,0,0,4,4,1,1,1,4,4,1,1,1,3,1,2,2,0,0,0,0,0,4,6,6,5c1f425dd47662bd787b2d4f1b979970822ccb8f1c046ec007cd79441964fb76,bf1c6d057bd4d92d9ef76ef8c44c4fe0193332305255ae78108f5c77abf1e51c,1
70,1300000,6,c2_a_not_traversed,production,0,0,4,4,1,1,1,4,4,1,1,1,3,1,2,2,0,0,0,0,0,4,6,6,5c1f425dd47662bd787b2d4f1b979970822ccb8f1c046ec007cd79441964fb76,bf1c6d057bd4d92d9ef76ef8c44c4fe0193332305255ae78108f5c77abf1e51c,1
71,1300000,6,c3_drive_at_ca,reference,0,0,4,4,1,1,1,4,4,1,1,1,7,0,4,5,0,0,0,0,2,7,7,7,827959845b59825114f8ccc58823cf2ef7cc6121299700bc24887e89f0c2ea5d,2dd327c5a5b82d5dfc1eeab45b6cf6c74d1e910b8aead18126e8da2fb85bb216,1
71,1300000,6,c3_drive_at_ca,production,0,0,4,4,1,1,1,4,4,1,1,1,7,0,4,5,0,0,0,0,2,7,7,7,827959845b59825114f8ccc58823cf2ef7cc6121299700bc24887e89f0c2ea5d,2dd327c5a5b82d5dfc1eeab45b6cf6c74d1e910b8aead18126e8da2fb85bb216,1
72,1300000,6,c4_late_modulation,reference,0,0,4,3,1,1,1,4,3,1,1,1,6,1,4,5,0,0,0,0,1,7,11,1,7c15097bc3894d582b62de853c256525659024a498d4dd0fa40efe5b51840822,34bc709447410b9062ee17266378291da3452cfa4cf343f6c8b28868a916e257,1
72,1300000,6,c4_late_modulation,production,0,0,4,3,1,1,1,4,3,1,1,1,6,1,4,5,0,0,0,0,1,7,11,1,7c15097bc3894d582b62de853c256525659024a498d4dd0fa40efe5b51840822,34bc709447410b9062ee17266378291da3452cfa4cf343f6c8b28868a916e257,1
73,1300000,6,c5_dense_distractors,reference,1,0,4,7,1,2,1,4,4,1,1,1,71,1,37,38,1,0,0,0,2,73,7,7,148c3426583964c156db6f6fe800cc62481ba743b291fef73e5ac2ccc609c84a,424ef684bacee341c7b6c52e6b63bcdd832c81fe8e3eeaefab6291612a650687,1
73,1300000,6,c5_dense_distractors,production,1,0,4,7,1,2,1,4,4,1,1,1,71,1,37,38,1,0,0,0,2,73,7,7,148c3426583964c156db6f6fe800cc62481ba743b291fef73e5ac2ccc609c84a,424ef684bacee341c7b6c52e6b63bcdd832c81fe8e3eeaefab6291612a650687,1
74,1300000,6,c6_swapped_identity,reference,1,0,4,7,1,2,1,4,4,1,1,1,6,1,4,5,1,0,0,0,1,8,6,6,1786f422d3131e8bddafc10baf318bb61275532fa43717fd744f717bb0832e1f,109765f99c9247a430403d1e4412e84d38298f876d11083932cf81b0bfdf2d7b,1
74,1300000,6,c6_swapped_identity,production,1,0,4,7,1,2,1,4,4,1,1,1,6,1,4,5,1,0,0,0,1,8,6,6,1786f422d3131e8bddafc10baf318bb61275532fa43717fd744f717bb0832e1f,109765f99c9247a430403d1e4412e84d38298f876d11083932cf81b0bfdf2d7b,1
75,1300000,6,c6_reverse_order,reference,1,0,4,7,1,2,1,4,4,1,1,1,6,1,4,5,1,0,0,0,1,8,6,6,d7a93f788d49752168c4ebc53af438074a272c5fc8ac8055a5b4c7be164b9bf0,e34a785e5ef9d2371a309e1220a011f41a4e51e6905da2501266f1f14d7e02c2,1
75,1300000,6,c6_reverse_order,production,1,0,4,7,1,2,1,4,4,1,1,1,6,1,4,5,1,0,0,0,1,8,6,6,d7a93f788d49752168c4ebc53af438074a272c5fc8ac8055a5b4c7be164b9bf0,e34a785e5ef9d2371a309e1220a011f41a4e51e6905da2501266f1f14d7e02c2,1
76,1300000,6,c6_timing_offset,reference,1,0,4,7,1,2,1,4,4,1,1,1,6,1,4,5,1,0,0,0,1,8,8,8,c59c2f371f597b75754d9d8e8bd1ffec70d4e56bc54bd046b923e5038b4d68ad,39384aba92c0f9453740aac01a80bf469d2efe75a9bdeedd98c0fc56e7c501ee,1
76,1300000,6,c6_timing_offset,production,1,0,4,7,1,2,1,4,4,1,1,1,6,1,4,5,1,0,0,0,1,8,8,8,c59c2f371f597b75754d9d8e8bd1ffec70d4e56bc54bd046b923e5038b4d68ad,39384aba92c0f9453740aac01a80bf469d2efe75a9bdeedd98c0fc56e7c501ee,1
77,1300000,6,c7_contact_fanout,reference,1,1,4,7,1,2,1,4,7,1,2,1,6,1,4,5,2,0,0,0,1,9,6,6,1619adfc2c037ea1a78c0f999e1ecc973e5490bd1e271d1334aebf830d9ed37a,18570242ab8e8800ba60b289874d7de7495e67b28b84ffbd64868b1c29056812,1
77,1300000,6,c7_contact_fanout,production,1,1,4,7,1,2,1,4,7,1,2,1,6,1,4,5,2,0,0,0,1,9,6,6,1619adfc2c037ea1a78c0f999e1ecc973e5490bd1e271d1334aebf830d9ed37a,18570242ab8e8800ba60b289874d7de7495e67b28b84ffbd64868b1c29056812,1
78,1300000,7,old_source_local,reference,1,1,4,7,1,2,1,4,7,1,2,1,4,1,2,3,2,0,0,0,1,7,7,7,732440aa727d55a1b9af9e4b19485c3553fb3e7aeeac2bd2338f8cc8e111747b,87cb30fff54b84ea1371524398dee4056b80877e29d3caf01e001d71f4ce4c86,1
78,1300000,7,old_source_local,production,1,1,4,7,1,2,1,4,7,1,2,1,4,1,2,3,2,0,0,0,1,7,7,7,732440aa727d55a1b9af9e4b19485c3553fb3e7aeeac2bd2338f8cc8e111747b,87cb30fff54b84ea1371524398dee4056b80877e29d3caf01e001d71f4ce4c86,1
79,1300000,7,c0_contact_a,reference,1,0,4,7,1,2,1,4,4,1,1,1,6,1,4,5,1,0,0,0,1,8,7,7,4f210624ecf92bde5af741253737e9a9808f23c9f6e85ddc31b1696d44ff6aca,d1d437b0e07644b1a7975845715c4a33c735c803d8408d025a455487879ad8de,1
79,1300000,7,c0_contact_a,production,1,0,4,7,1,2,1,4,4,1,1,1,6,1,4,5,1,0,0,0,1,8,7,7,4f210624ecf92bde5af741253737e9a9808f23c9f6e85ddc31b1696d44ff6aca,d1d437b0e07644b1a7975845715c4a33c735c803d8408d025a455487879ad8de,1
80,1300000,7,c1_contact_b,reference,0,1,4,4,1,1,1,4,7,1,2,1,6,1,4,5,1,0,0,0,1,8,7,7,4cd1be3b1b985262a5ab307378c900022936542272a78ae74af3dd0347be7df3,d50ce135c3ff893ef7a6988f06a36535e3857e69aa484b11e101928e2a9389a6,1
80,1300000,7,c1_contact_b,production,0,1,4,4,1,1,1,4,7,1,2,1,6,1,4,5,1,0,0,0,1,8,7,7,4cd1be3b1b985262a5ab307378c900022936542272a78ae74af3dd0347be7df3,d50ce135c3ff893ef7a6988f06a36535e3857e69aa484b11e101928e2a9389a6,1
81,1300000,7,c2_a_not_traversed,reference,0,0,4,4,1,1,1,4,4,1,1,1,3,1,2,2,0,0,0,0,0,4,7,7,6b8662d502fcb0bf9d92af9fe5108b98511d720163d37b151c288c2e4b868da7,bf1c6d057bd4d92d9ef76ef8c44c4fe0193332305255ae78108f5c77abf1e51c,1
81,1300000,7,c2_a_not_traversed,production,0,0,4,4,1,1,1,4,4,1,1,1,3,1,2,2,0,0,0,0,0,4,7,7,6b8662d502fcb0bf9d92af9fe5108b98511d720163d37b151c288c2e4b868da7,bf1c6d057bd4d92d9ef76ef8c44c4fe0193332305255ae78108f5c77abf1e51c,1
82,1300000,7,c3_drive_at_ca,reference,0,0,4,4,1,1,1,4,4,1,1,1,7,0,4,5,0,0,0,0,2,7,8,8,ce3474fdf0ec4ba7cd8166721c72577dfaa6cc4ded7eff1f365ade91ac4b9ea3,2dd327c5a5b82d5dfc1eeab45b6cf6c74d1e910b8aead18126e8da2fb85bb216,1
82,1300000,7,c3_drive_at_ca,production,0,0,4,4,1,1,1,4,4,1,1,1,7,0,4,5,0,0,0,0,2,7,8,8,ce3474fdf0ec4ba7cd8166721c72577dfaa6cc4ded7eff1f365ade91ac4b9ea3,2dd327c5a5b82d5dfc1eeab45b6cf6c74d1e910b8aead18126e8da2fb85bb216,1
83,1300000,7,c4_late_modulation,reference,0,0,4,3,1,1,1,4,3,1,1,1,6,1,4,5,0,0,0,0,1,7,12,2,1cb40b470a47541d173ddfb704464a1559308b8921d0f25e0314a539f8c4ff9c,34bc709447410b9062ee17266378291da3452cfa4cf343f6c8b28868a916e257,1
83,1300000,7,c4_late_modulation,production,0,0,4,3,1,1,1,4,3,1,1,1,6,1,4,5,0,0,0,0,1,7,12,2,1cb40b470a47541d173ddfb704464a1559308b8921d0f25e0314a539f8c4ff9c,34bc709447410b9062ee17266378291da3452cfa4cf343f6c8b28868a916e257,1
84,1300000,7,c5_dense_distractors,reference,1,0,4,7,1,2,1,4,4,1,1,1,71,1,37,38,1,0,0,0,2,73,8,8,df817703b23ecf0199dedbfad298652e675a27a23c951119c1f443d264d9db6d,424ef684bacee341c7b6c52e6b63bcdd832c81fe8e3eeaefab6291612a650687,1
84,1300000,7,c5_dense_distractors,production,1,0,4,7,1,2,1,4,4,1,1,1,71,1,37,38,1,0,0,0,2,73,8,8,df817703b23ecf0199dedbfad298652e675a27a23c951119c1f443d264d9db6d,424ef684bacee341c7b6c52e6b63bcdd832c81fe8e3eeaefab6291612a650687,1
85,1300000,7,c6_swapped_identity,reference,1,0,4,7,1,2,1,4,4,1,1,1,6,1,4,5,1,0,0,0,1,8,7,7,c403d8a00eb1d4e4506629e4c673044b071690e46070e050aebfee4a65b9422b,109765f99c9247a430403d1e4412e84d38298f876d11083932cf81b0bfdf2d7b,1
85,1300000,7,c6_swapped_identity,production,1,0,4,7,1,2,1,4,4,1,1,1,6,1,4,5,1,0,0,0,1,8,7,7,c403d8a00eb1d4e4506629e4c673044b071690e46070e050aebfee4a65b9422b,109765f99c9247a430403d1e4412e84d38298f876d11083932cf81b0bfdf2d7b,1
86,1300000,7,c6_reverse_order,reference,1,0,4,7,1,2,1,4,4,1,1,1,6,1,4,5,1,0,0,0,1,8,7,7,77d31f1f2e87db3ec9a868e5806746b50853ed9431b17fc91cf17c8098c41198,e34a785e5ef9d2371a309e1220a011f41a4e51e6905da2501266f1f14d7e02c2,1
86,1300000,7,c6_reverse_order,production,1,0,4,7,1,2,1,4,4,1,1,1,6,1,4,5,1,0,0,0,1,8,7,7,77d31f1f2e87db3ec9a868e5806746b50853ed9431b17fc91cf17c8098c41198,e34a785e5ef9d2371a309e1220a011f41a4e51e6905da2501266f1f14d7e02c2,1
87,1300000,7,c6_timing_offset,reference,1,0,4,7,1,2,1,4,4,1,1,1,6,1,4,5,1,0,0,0,1,8,9,9,128c6be96fe19226cfc5fc4ec1542f1be8d256f1a3628c06c27fac94daefc0aa,39384aba92c0f9453740aac01a80bf469d2efe75a9bdeedd98c0fc56e7c501ee,1
87,1300000,7,c6_timing_offset,production,1,0,4,7,1,2,1,4,4,1,1,1,6,1,4,5,1,0,0,0,1,8,9,9,128c6be96fe19226cfc5fc4ec1542f1be8d256f1a3628c06c27fac94daefc0aa,39384aba92c0f9453740aac01a80bf469d2efe75a9bdeedd98c0fc56e7c501ee,1
88,1300000,7,c7_contact_fanout,reference,1,1,4,7,1,2,1,4,7,1,2,1,6,1,4,5,2,0,0,0,1,9,7,7,43b6ad42cb1af9774b549f55403301b50975f2d871d7a3f0316ba5e51f068e6e,18570242ab8e8800ba60b289874d7de7495e67b28b84ffbd64868b1c29056812,1
88,1300000,7,c7_contact_fanout,production,1,1,4,7,1,2,1,4,7,1,2,1,6,1,4,5,2,0,0,0,1,9,7,7,43b6ad42cb1af9774b549f55403301b50975f2d871d7a3f0316ba5e51f068e6e,18570242ab8e8800ba60b289874d7de7495e67b28b84ffbd64868b1c29056812,1
89,1300000,8,old_source_local,reference,1,1,4,7,1,2,1,4,7,1,2,1,4,1,2,3,2,0,0,0,1,7,8,8,ea207c78eb3ac579e5c22fc1f032b6bfe6c95c55017dbaf6db8e694690ead2ae,87cb30fff54b84ea1371524398dee4056b80877e29d3caf01e001d71f4ce4c86,1
89,1300000,8,old_source_local,production,1,1,4,7,1,2,1,4,7,1,2,1,4,1,2,3,2,0,0,0,1,7,8,8,ea207c78eb3ac579e5c22fc1f032b6bfe6c95c55017dbaf6db8e694690ead2ae,87cb30fff54b84ea1371524398dee4056b80877e29d3caf01e001d71f4ce4c86,1
90,1300000,8,c0_contact_a,reference,1,0,4,7,1,2,1,4,4,1,1,1,6,1,4,5,1,0,0,0,1,8,8,8,d9781632dfadf5c07b6cb81d2a0386e244ffe7400c5010aaddc4930b09baa0ce,d1d437b0e07644b1a7975845715c4a33c735c803d8408d025a455487879ad8de,1
90,1300000,8,c0_contact_a,production,1,0,4,7,1,2,1,4,4,1,1,1,6,1,4,5,1,0,0,0,1,8,8,8,d9781632dfadf5c07b6cb81d2a0386e244ffe7400c5010aaddc4930b09baa0ce,d1d437b0e07644b1a7975845715c4a33c735c803d8408d025a455487879ad8de,1
91,1300000,8,c1_contact_b,reference,0,1,4,4,1,1,1,4,7,1,2,1,6,1,4,5,1,0,0,0,1,8,8,8,b83a058b6d5fa103a3d5809bf68f26bb9fdf4b878d9be94790cc2ca50af0c85c,d50ce135c3ff893ef7a6988f06a36535e3857e69aa484b11e101928e2a9389a6,1
91,1300000,8,c1_contact_b,production,0,1,4,4,1,1,1,4,7,1,2,1,6,1,4,5,1,0,0,0,1,8,8,8,b83a058b6d5fa103a3d5809bf68f26bb9fdf4b878d9be94790cc2ca50af0c85c,d50ce135c3ff893ef7a6988f06a36535e3857e69aa484b11e101928e2a9389a6,1
92,1300000,8,c2_a_not_traversed,reference,0,0,4,4,1,1,1,4,4,1,1,1,3,1,2,2,0,0,0,0,0,4,8,8,4220f43dda65e555f624c0a5cd6ff2f2e04a63fa77cfcc3d81d5f2a59f9e5be2,bf1c6d057bd4d92d9ef76ef8c44c4fe0193332305255ae78108f5c77abf1e51c,1
92,1300000,8,c2_a_not_traversed,production,0,0,4,4,1,1,1,4,4,1,1,1,3,1,2,2,0,0,0,0,0,4,8,8,4220f43dda65e555f624c0a5cd6ff2f2e04a63fa77cfcc3d81d5f2a59f9e5be2,bf1c6d057bd4d92d9ef76ef8c44c4fe0193332305255ae78108f5c77abf1e51c,1
93,1300000,8,c3_drive_at_ca,reference,0,0,4,4,1,1,1,4,4,1,1,1,7,0,4,5,0,0,0,0,2,7,9,9,aaa9e89ba6a2c3d75e604f277cd0d3fa6b0152869af5dd456fef518547d02ea1,2dd327c5a5b82d5dfc1eeab45b6cf6c74d1e910b8aead18126e8da2fb85bb216,1
93,1300000,8,c3_drive_at_ca,production,0,0,4,4,1,1,1,4,4,1,1,1,7,0,4,5,0,0,0,0,2,7,9,9,aaa9e89ba6a2c3d75e604f277cd0d3fa6b0152869af5dd456fef518547d02ea1,2dd327c5a5b82d5dfc1eeab45b6cf6c74d1e910b8aead18126e8da2fb85bb216,1
94,1300000,8,c4_late_modulation,reference,0,0,4,3,1,1,1,4,3,1,1,1,6,1,4,5,0,0,0,0,1,7,13,3,348bfbcecd7c58d101feb4e4574f3cbd00be2c0603a4afed1d6718116c0956a1,34bc709447410b9062ee17266378291da3452cfa4cf343f6c8b28868a916e257,1
94,1300000,8,c4_late_modulation,production,0,0,4,3,1,1,1,4,3,1,1,1,6,1,4,5,0,0,0,0,1,7,13,3,348bfbcecd7c58d101feb4e4574f3cbd00be2c0603a4afed1d6718116c0956a1,34bc709447410b9062ee17266378291da3452cfa4cf343f6c8b28868a916e257,1
95,1300000,8,c5_dense_distractors,reference,1,0,4,7,1,2,1,4,4,1,1,1,71,1,37,38,1,0,0,0,2,73,9,9,51dc767db6f0478932c9a09a4ebbc80ad3fd45f2f71481feff7a2749eb70b81a,424ef684bacee341c7b6c52e6b63bcdd832c81fe8e3eeaefab6291612a650687,1
95,1300000,8,c5_dense_distractors,production,1,0,4,7,1,2,1,4,4,1,1,1,71,1,37,38,1,0,0,0,2,73,9,9,51dc767db6f0478932c9a09a4ebbc80ad3fd45f2f71481feff7a2749eb70b81a,424ef684bacee341c7b6c52e6b63bcdd832c81fe8e3eeaefab6291612a650687,1
96,1300000,8,c6_swapped_identity,reference,1,0,4,7,1,2,1,4,4,1,1,1,6,1,4,5,1,0,0,0,1,8,8,8,650012eca09d1267c855e9e6afd8cd43c4176ef6841a885dce4045fecab1faf8,109765f99c9247a430403d1e4412e84d38298f876d11083932cf81b0bfdf2d7b,1
96,1300000,8,c6_swapped_identity,production,1,0,4,7,1,2,1,4,4,1,1,1,6,1,4,5,1,0,0,0,1,8,8,8,650012eca09d1267c855e9e6afd8cd43c4176ef6841a885dce4045fecab1faf8,109765f99c9247a430403d1e4412e84d38298f876d11083932cf81b0bfdf2d7b,1
97,1300000,8,c6_reverse_order,reference,1,0,4,7,1,2,1,4,4,1,1,1,6,1,4,5,1,0,0,0,1,8,8,8,6ad41f3ce2aaaba3c215a34ab9cc2be808ed20dbbedab48fade10c380d0a5915,e34a785e5ef9d2371a309e1220a011f41a4e51e6905da2501266f1f14d7e02c2,1
97,1300000,8,c6_reverse_order,production,1,0,4,7,1,2,1,4,4,1,1,1,6,1,4,5,1,0,0,0,1,8,8,8,6ad41f3ce2aaaba3c215a34ab9cc2be808ed20dbbedab48fade10c380d0a5915,e34a785e5ef9d2371a309e1220a011f41a4e51e6905da2501266f1f14d7e02c2,1
98,1300000,8,c6_timing_offset,reference,1,0,4,7,1,2,1,4,3,1,1,1,6,1,4,5,1,0,0,0,1,8,10,0,823e084c74d8295d2c17a181b6cf146bfbb09cb17d2e8e68d26bf9f8c925e380,866b15199eb472372015be5a1ad04fdac764d82228025d500b8e3a91a2bfcf43,1
98,1300000,8,c6_timing_offset,production,1,0,4,7,1,2,1,4,3,1,1,1,6,1,4,5,1,0,0,0,1,8,10,0,823e084c74d8295d2c17a181b6cf146bfbb09cb17d2e8e68d26bf9f8c925e380,866b15199eb472372015be5a1ad04fdac764d82228025d500b8e3a91a2bfcf43,1
99,1300000,8,c7_contact_fanout,reference,1,1,4,7,1,2,1,4,7,1,2,1,6,1,4,5,2,0,0,0,1,9,8,8,c94b3c5f01b548b6b317a91d594ae9964c2e2c9485eda186c580174c02456baa,18570242ab8e8800ba60b289874d7de7495e67b28b84ffbd64868b1c29056812,1
99,1300000,8,c7_contact_fanout,production,1,1,4,7,1,2,1,4,7,1,2,1,6,1,4,5,2,0,0,0,1,9,8,8,c94b3c5f01b548b6b317a91d594ae9964c2e2c9485eda186c580174c02456baa,18570242ab8e8800ba60b289874d7de7495e67b28b84ffbd64868b1c29056812,1
100,1300000,9,old_source_local,reference,1,1,4,7,1,2,1,4,7,1,2,1,4,1,2,3,2,0,0,0,1,7,9,9,d4fff524fdcf21d59a1d03dc00a646dd4606a86b091b92b0c2badcf090d60709,87cb30fff54b84ea1371524398dee4056b80877e29d3caf01e001d71f4ce4c86,1
100,1300000,9,old_source_local,production,1,1,4,7,1,2,1,4,7,1,2,1,4,1,2,3,2,0,0,0,1,7,9,9,d4fff524fdcf21d59a1d03dc00a646dd4606a86b091b92b0c2badcf090d60709,87cb30fff54b84ea1371524398dee4056b80877e29d3caf01e001d71f4ce4c86,1
101,1300000,9,c0_contact_a,reference,1,0,4,7,1,2,1,4,4,1,1,1,6,1,4,5,1,0,0,0,1,8,9,9,68c3ad20dd702ac950aa9c6ca75a61581d9571904efbd14729a2c2513f7551c4,d1d437b0e07644b1a7975845715c4a33c735c803d8408d025a455487879ad8de,1
101,1300000,9,c0_contact_a,production,1,0,4,7,1,2,1,4,4,1,1,1,6,1,4,5,1,0,0,0,1,8,9,9,68c3ad20dd702ac950aa9c6ca75a61581d9571904efbd14729a2c2513f7551c4,d1d437b0e07644b1a7975845715c4a33c735c803d8408d025a455487879ad8de,1
102,1300000,9,c1_contact_b,reference,0,1,4,4,1,1,1,4,7,1,2,1,6,1,4,5,1,0,0,0,1,8,9,9,bd680b2d4df0081bdf97089c2ed50a00a63f2a1e516565bc1a36c52f89d653de,d50ce135c3ff893ef7a6988f06a36535e3857e69aa484b11e101928e2a9389a6,1
102,1300000,9,c1_contact_b,production,0,1,4,4,1,1,1,4,7,1,2,1,6,1,4,5,1,0,0,0,1,8,9,9,bd680b2d4df0081bdf97089c2ed50a00a63f2a1e516565bc1a36c52f89d653de,d50ce135c3ff893ef7a6988f06a36535e3857e69aa484b11e101928e2a9389a6,1
103,1300000,9,c2_a_not_traversed,reference,0,0,4,4,1,1,1,4,4,1,1,1,3,1,2,2,0,0,0,0,0,4,9,9,5d76040d3b3e5b0f742af4816d70660a68485690bfc5aaaa0476372bf558c848,bf1c6d057bd4d92d9ef76ef8c44c4fe0193332305255ae78108f5c77abf1e51c,1
103,1300000,9,c2_a_not_traversed,production,0,0,4,4,1,1,1,4,4,1,1,1,3,1,2,2,0,0,0,0,0,4,9,9,5d76040d3b3e5b0f742af4816d70660a68485690bfc5aaaa0476372bf558c848,bf1c6d057bd4d92d9ef76ef8c44c4fe0193332305255ae78108f5c77abf1e51c,1
104,1300000,9,c3_drive_at_ca,reference,0,0,4,4,1,1,1,4,4,1,1,1,7,0,4,5,0,0,0,0,2,7,10,0,2c09309d005dfe17c27f8a24a979930a43731fcd5cbcf6372dc9b0a3af4b52f5,2dd327c5a5b82d5dfc1eeab45b6cf6c74d1e910b8aead18126e8da2fb85bb216,1
104,1300000,9,c3_drive_at_ca,production,0,0,4,4,1,1,1,4,4,1,1,1,7,0,4,5,0,0,0,0,2,7,10,0,2c09309d005dfe17c27f8a24a979930a43731fcd5cbcf6372dc9b0a3af4b52f5,2dd327c5a5b82d5dfc1eeab45b6cf6c74d1e910b8aead18126e8da2fb85bb216,1
105,1300000,9,c4_late_modulation,reference,0,0,4,3,1,1,1,4,3,1,1,1,6,1,4,5,0,0,0,0,1,7,14,4,e47dd71485ce836c95f15fdeebb52479db2f4938b20c09643d77e9282ce22860,34bc709447410b9062ee17266378291da3452cfa4cf343f6c8b28868a916e257,1
105,1300000,9,c4_late_modulation,production,0,0,4,3,1,1,1,4,3,1,1,1,6,1,4,5,0,0,0,0,1,7,14,4,e47dd71485ce836c95f15fdeebb52479db2f4938b20c09643d77e9282ce22860,34bc709447410b9062ee17266378291da3452cfa4cf343f6c8b28868a916e257,1
106,1300000,9,c5_dense_distractors,reference,1,0,4,7,1,2,1,4,4,1,1,1,71,1,37,38,1,0,0,0,2,73,10,0,eab041becba3b33216fbd07d1e7777590ac899a6eb8f38191516bb604aa9d570,ec7eb000e38361879ba2eb26a6a2286a7267c33ce8da325c665ae067cfa127a9,1
106,1300000,9,c5_dense_distractors,production,1,0,4,7,1,2,1,4,4,1,1,1,71,1,37,38,1,0,0,0,2,73,10,0,eab041becba3b33216fbd07d1e7777590ac899a6eb8f38191516bb604aa9d570,ec7eb000e38361879ba2eb26a6a2286a7267c33ce8da325c665ae067cfa127a9,1
107,1300000,9,c6_swapped_identity,reference,1,0,4,7,1,2,1,4,4,1,1,1,6,1,4,5,1,0,0,0,1,8,9,9,6f9fbe35f5f2f754ea02903ea903d3ca4792eba5412b10c5ac794f3c07cbe9a5,109765f99c9247a430403d1e4412e84d38298f876d11083932cf81b0bfdf2d7b,1
107,1300000,9,c6_swapped_identity,production,1,0,4,7,1,2,1,4,4,1,1,1,6,1,4,5,1,0,0,0,1,8,9,9,6f9fbe35f5f2f754ea02903ea903d3ca4792eba5412b10c5ac794f3c07cbe9a5,109765f99c9247a430403d1e4412e84d38298f876d11083932cf81b0bfdf2d7b,1
108,1300000,9,c6_reverse_order,reference,1,0,4,7,1,2,1,4,4,1,1,1,6,1,4,5,1,0,0,0,1,8,9,9,3ae2e440339ec3f72ccefb4d4fbcec9f61b163180a4b0d7e439f7e0126121184,e34a785e5ef9d2371a309e1220a011f41a4e51e6905da2501266f1f14d7e02c2,1
108,1300000,9,c6_reverse_order,production,1,0,4,7,1,2,1,4,4,1,1,1,6,1,4,5,1,0,0,0,1,8,9,9,3ae2e440339ec3f72ccefb4d4fbcec9f61b163180a4b0d7e439f7e0126121184,e34a785e5ef9d2371a309e1220a011f41a4e51e6905da2501266f1f14d7e02c2,1
109,1300000,9,c6_timing_offset,reference,1,0,4,7,1,2,1,4,3,1,1,1,6,1,4,5,1,0,0,0,1,8,11,1,b1e45a05017778ad9545d8d86e79a47bed3364e7130176ecff684d293bc70e3b,866b15199eb472372015be5a1ad04fdac764d82228025d500b8e3a91a2bfcf43,1
109,1300000,9,c6_timing_offset,production,1,0,4,7,1,2,1,4,3,1,1,1,6,1,4,5,1,0,0,0,1,8,11,1,b1e45a05017778ad9545d8d86e79a47bed3364e7130176ecff684d293bc70e3b,866b15199eb472372015be5a1ad04fdac764d82228025d500b8e3a91a2bfcf43,1
110,1300000,9,c7_contact_fanout,reference,1,1,4,7,1,2,1,4,7,1,2,1,6,1,4,5,2,0,0,0,1,9,9,9,e0a7b23b8c77f1bbac42862b8ef551d15f79b2479aca1338d48cd5f161e1b673,18570242ab8e8800ba60b289874d7de7495e67b28b84ffbd64868b1c29056812,1
110,1300000,9,c7_contact_fanout,production,1,1,4,7,1,2,1,4,7,1,2,1,6,1,4,5,2,0,0,0,1,9,9,9,e0a7b23b8c77f1bbac42862b8ef551d15f79b2479aca1338d48cd5f161e1b673,18570242ab8e8800ba60b289874d7de7495e67b28b84ffbd64868b1c29056812,1
111,1400000,0,old_source_local,reference,1,1,4,7,1,2,1,4,7,1,2,1,4,1,2,3,2,0,0,0,1,7,0,0,9c738e0497f8b5f34be028d2f02cd4803d5091aae798e1e95437c3807008f557,5f3cbf938eae5ebb42b1b9c3ad747d69c66d8b17bdd29c69eb558cb9be71affe,1
111,1400000,0,old_source_local,production,1,1,4,7,1,2,1,4,7,1,2,1,4,1,2,3,2,0,0,0,1,7,0,0,9c738e0497f8b5f34be028d2f02cd4803d5091aae798e1e95437c3807008f557,5f3cbf938eae5ebb42b1b9c3ad747d69c66d8b17bdd29c69eb558cb9be71affe,1
112,1400000,0,c0_contact_a,reference,1,0,4,7,1,2,1,4,4,1,1,1,6,1,4,5,1,0,0,0,1,8,0,0,8f2cac6c0755c7574f6b89dd69c31a661e577af12ebfce29b1064a48937f0b7a,d6c59646196a902a7bf8ff620b49e1e5bf9c81cf0604f89deda9f68632936781,1
112,1400000,0,c0_contact_a,production,1,0,4,7,1,2,1,4,4,1,1,1,6,1,4,5,1,0,0,0,1,8,0,0,8f2cac6c0755c7574f6b89dd69c31a661e577af12ebfce29b1064a48937f0b7a,d6c59646196a902a7bf8ff620b49e1e5bf9c81cf0604f89deda9f68632936781,1
113,1400000,0,c1_contact_b,reference,0,1,4,4,1,1,1,4,7,1,2,1,6,1,4,5,1,0,0,0,1,8,0,0,78550a664bd6c437c166224d94a0bc6b354428bc25caeed3a562ecb4ca97e29f,e494cd86be741604576e745bb701a8b230e64c4533319782fccbbee6bf2a2fe3,1
113,1400000,0,c1_contact_b,production,0,1,4,4,1,1,1,4,7,1,2,1,6,1,4,5,1,0,0,0,1,8,0,0,78550a664bd6c437c166224d94a0bc6b354428bc25caeed3a562ecb4ca97e29f,e494cd86be741604576e745bb701a8b230e64c4533319782fccbbee6bf2a2fe3,1
114,1400000,0,c2_a_not_traversed,reference,0,0,4,4,1,1,1,4,4,1,1,1,3,1,2,2,0,0,0,0,0,4,0,0,995910feaa8458b13218fc372b0c7afbe21dfec3b9a133192960064ce9c3d181,11836b80ee5afebba3003edd95de7ba1311ed73a4cdd280a168571df52ac07fc,1
114,1400000,0,c2_a_not_traversed,production,0,0,4,4,1,1,1,4,4,1,1,1,3,1,2,2,0,0,0,0,0,4,0,0,995910feaa8458b13218fc372b0c7afbe21dfec3b9a133192960064ce9c3d181,11836b80ee5afebba3003edd95de7ba1311ed73a4cdd280a168571df52ac07fc,1
115,1400000,0,c3_drive_at_ca,reference,0,0,4,4,1,1,1,4,4,1,1,1,7,0,4,5,0,0,0,0,2,7,1,1,fb2318046920303671c29680fd63204eea8b78ee0b3afe6383b5be5b9133ad8e,7726192f2ed9d9abe8b7d777e58902b62f7ff597c539fbe2e71d261fc8bde37a,1
115,1400000,0,c3_drive_at_ca,production,0,0,4,4,1,1,1,4,4,1,1,1,7,0,4,5,0,0,0,0,2,7,1,1,fb2318046920303671c29680fd63204eea8b78ee0b3afe6383b5be5b9133ad8e,7726192f2ed9d9abe8b7d777e58902b62f7ff597c539fbe2e71d261fc8bde37a,1
116,1400000,0,c4_late_modulation,reference,0,0,4,3,1,1,1,4,3,1,1,1,6,1,4,5,0,0,0,0,1,7,5,5,86eec992e68526148803068a5617824ce91184cfb8eb0ff25ab0b3e83e40703e,5a8d1e59c7f99e0a3ab55515b9691a996d4b0f01e6691e2661ce13bac94c2f55,1
116,1400000,0,c4_late_modulation,production,0,0,4,3,1,1,1,4,3,1,1,1,6,1,4,5,0,0,0,0,1,7,5,5,86eec992e68526148803068a5617824ce91184cfb8eb0ff25ab0b3e83e40703e,5a8d1e59c7f99e0a3ab55515b9691a996d4b0f01e6691e2661ce13bac94c2f55,1
117,1400000,0,c5_dense_distractors,reference,1,0,4,7,1,2,1,4,4,1,1,1,71,1,37,38,1,0,0,0,2,73,1,1,f00a8b228e7c30be9e5781c8a5fbe0bbf842b05421e406cc098d5c25dcf8cd9e,d57f3943409b15855d03cbe8928a50423e7c1d5f2789d2669034481374ba557c,1
117,1400000,0,c5_dense_distractors,production,1,0,4,7,1,2,1,4,4,1,1,1,71,1,37,38,1,0,0,0,2,73,1,1,f00a8b228e7c30be9e5781c8a5fbe0bbf842b05421e406cc098d5c25dcf8cd9e,d57f3943409b15855d03cbe8928a50423e7c1d5f2789d2669034481374ba557c,1
118,1400000,0,c6_swapped_identity,reference,1,0,4,7,1,2,1,4,4,1,1,1,6,1,4,5,1,0,0,0,1,8,0,0,07ad5b0cb5dd7075eeb80804463cf7a43d929d017614cc7504ea52a29a436d64,36f31491133fced66f63b16196583f99d00a9237e168a290ace0e05a779a437c,1
118,1400000,0,c6_swapped_identity,production,1,0,4,7,1,2,1,4,4,1,1,1,6,1,4,5,1,0,0,0,1,8,0,0,07ad5b0cb5dd7075eeb80804463cf7a43d929d017614cc7504ea52a29a436d64,36f31491133fced66f63b16196583f99d00a9237e168a290ace0e05a779a437c,1
119,1400000,0,c6_reverse_order,reference,1,0,4,7,1,2,1,4,4,1,1,1,6,1,4,5,1,0,0,0,1,8,0,0,399e65f51d4d981aa919fb7ad986638e8208a5985b04c9cf89ef10949eeb2520,0999c22db0a7c8ee6e8963a209e25b1cd89b36c1f369350bfeeb5553e9e4969f,1
119,1400000,0,c6_reverse_order,production,1,0,4,7,1,2,1,4,4,1,1,1,6,1,4,5,1,0,0,0,1,8,0,0,399e65f51d4d981aa919fb7ad986638e8208a5985b04c9cf89ef10949eeb2520,0999c22db0a7c8ee6e8963a209e25b1cd89b36c1f369350bfeeb5553e9e4969f,1
120,1400000,0,c6_timing_offset,reference,1,0,4,7,1,2,1,4,4,1,1,1,6,1,4,5,1,0,0,0,1,8,2,2,364d47ff06da33fe3dda43e8f34dc36cc9c9a856d384658c2453b197b1884690,6a3727ace4f627a5b8a0dc02e8d299c4d801363b9e6e613f0942a3a725f26403,1
120,1400000,0,c6_timing_offset,production,1,0,4,7,1,2,1,4,4,1,1,1,6,1,4,5,1,0,0,0,1,8,2,2,364d47ff06da33fe3dda43e8f34dc36cc9c9a856d384658c2453b197b1884690,6a3727ace4f627a5b8a0dc02e8d299c4d801363b9e6e613f0942a3a725f26403,1
121,1400000,0,c7_contact_fanout,reference,1,1,4,7,1,2,1,4,7,1,2,1,6,1,4,5,2,0,0,0,1,9,0,0,8d5c68cbfd4a1cc825b47532ff9efb17b6b5bc71bbfbf4c0167cbcedfbc42754,b21a5835bd26a9e0c5c6321f30a70054433cdb56a971f649dd3fa3e91e9a4110,1
121,1400000,0,c7_contact_fanout,production,1,1,4,7,1,2,1,4,7,1,2,1,6,1,4,5,2,0,0,0,1,9,0,0,8d5c68cbfd4a1cc825b47532ff9efb17b6b5bc71bbfbf4c0167cbcedfbc42754,b21a5835bd26a9e0c5c6321f30a70054433cdb56a971f649dd3fa3e91e9a4110,1
122,1400000,1,old_source_local,reference,1,1,4,7,1,2,1,4,7,1,2,1,4,1,2,3,2,0,0,0,1,7,1,1,d5b9c412a1c387d30e52141ab24fa4ce2796e000d47b4a9aa8b531053d6d0e82,5f3cbf938eae5ebb42b1b9c3ad747d69c66d8b17bdd29c69eb558cb9be71affe,1
122,1400000,1,old_source_local,production,1,1,4,7,1,2,1,4,7,1,2,1,4,1,2,3,2,0,0,0,1,7,1,1,d5b9c412a1c387d30e52141ab24fa4ce2796e000d47b4a9aa8b531053d6d0e82,5f3cbf938eae5ebb42b1b9c3ad747d69c66d8b17bdd29c69eb558cb9be71affe,1
123,1400000,1,c0_contact_a,reference,1,0,4,7,1,2,1,4,4,1,1,1,6,1,4,5,1,0,0,0,1,8,1,1,6e6bb903cee83d6eb746c45961129f9e302af4bfffe81a798827030d41511742,d6c59646196a902a7bf8ff620b49e1e5bf9c81cf0604f89deda9f68632936781,1
123,1400000,1,c0_contact_a,production,1,0,4,7,1,2,1,4,4,1,1,1,6,1,4,5,1,0,0,0,1,8,1,1,6e6bb903cee83d6eb746c45961129f9e302af4bfffe81a798827030d41511742,d6c59646196a902a7bf8ff620b49e1e5bf9c81cf0604f89deda9f68632936781,1
124,1400000,1,c1_contact_b,reference,0,1,4,4,1,1,1,4,7,1,2,1,6,1,4,5,1,0,0,0,1,8,1,1,db9a544ed60975ac4db88f5930aff759e0f62bb91f7483f8598d87d38aee9830,e494cd86be741604576e745bb701a8b230e64c4533319782fccbbee6bf2a2fe3,1
124,1400000,1,c1_contact_b,production,0,1,4,4,1,1,1,4,7,1,2,1,6,1,4,5,1,0,0,0,1,8,1,1,db9a544ed60975ac4db88f5930aff759e0f62bb91f7483f8598d87d38aee9830,e494cd86be741604576e745bb701a8b230e64c4533319782fccbbee6bf2a2fe3,1
125,1400000,1,c2_a_not_traversed,reference,0,0,4,4,1,1,1,4,4,1,1,1,3,1,2,2,0,0,0,0,0,4,1,1,99052ecc6cb678d16419a872a748adaf9d4cfa1e54d8c0ddec6117c23492d65d,11836b80ee5afebba3003edd95de7ba1311ed73a4cdd280a168571df52ac07fc,1
125,1400000,1,c2_a_not_traversed,production,0,0,4,4,1,1,1,4,4,1,1,1,3,1,2,2,0,0,0,0,0,4,1,1,99052ecc6cb678d16419a872a748adaf9d4cfa1e54d8c0ddec6117c23492d65d,11836b80ee5afebba3003edd95de7ba1311ed73a4cdd280a168571df52ac07fc,1
126,1400000,1,c3_drive_at_ca,reference,0,0,4,4,1,1,1,4,4,1,1,1,7,0,4,5,0,0,0,0,2,7,2,2,7124740d641bf90090b27c1de04a48ae6b559636d8d527842235a993a63a65bd,7726192f2ed9d9abe8b7d777e58902b62f7ff597c539fbe2e71d261fc8bde37a,1
126,1400000,1,c3_drive_at_ca,production,0,0,4,4,1,1,1,4,4,1,1,1,7,0,4,5,0,0,0,0,2,7,2,2,7124740d641bf90090b27c1de04a48ae6b559636d8d527842235a993a63a65bd,7726192f2ed9d9abe8b7d777e58902b62f7ff597c539fbe2e71d261fc8bde37a,1
127,1400000,1,c4_late_modulation,reference,0,0,4,3,1,1,1,4,3,1,1,1,6,1,4,5,0,0,0,0,1,7,6,6,cc280a373d429c0beab80a9673749fb55640879ff28699144e81fbe4f720cf79,5a8d1e59c7f99e0a3ab55515b9691a996d4b0f01e6691e2661ce13bac94c2f55,1
127,1400000,1,c4_late_modulation,production,0,0,4,3,1,1,1,4,3,1,1,1,6,1,4,5,0,0,0,0,1,7,6,6,cc280a373d429c0beab80a9673749fb55640879ff28699144e81fbe4f720cf79,5a8d1e59c7f99e0a3ab55515b9691a996d4b0f01e6691e2661ce13bac94c2f55,1
128,1400000,1,c5_dense_distractors,reference,1,0,4,7,1,2,1,4,4,1,1,1,71,1,37,38,1,0,0,0,2,73,2,2,529f13c15ec4757c7a95616e9b82bf06a57e784715418c1c1147b7eddf75f83d,d57f3943409b15855d03cbe8928a50423e7c1d5f2789d2669034481374ba557c,1
128,1400000,1,c5_dense_distractors,production,1,0,4,7,1,2,1,4,4,1,1,1,71,1,37,38,1,0,0,0,2,73,2,2,529f13c15ec4757c7a95616e9b82bf06a57e784715418c1c1147b7eddf75f83d,d57f3943409b15855d03cbe8928a50423e7c1d5f2789d2669034481374ba557c,1
129,1400000,1,c6_swapped_identity,reference,1,0,4,7,1,2,1,4,4,1,1,1,6,1,4,5,1,0,0,0,1,8,1,1,b4d770fcecfe2bea1da1d9898de4e60a68917fe86ad759dac26d246dc5bddfac,36f31491133fced66f63b16196583f99d00a9237e168a290ace0e05a779a437c,1
129,1400000,1,c6_swapped_identity,production,1,0,4,7,1,2,1,4,4,1,1,1,6,1,4,5,1,0,0,0,1,8,1,1,b4d770fcecfe2bea1da1d9898de4e60a68917fe86ad759dac26d246dc5bddfac,36f31491133fced66f63b16196583f99d00a9237e168a290ace0e05a779a437c,1
130,1400000,1,c6_reverse_order,reference,1,0,4,7,1,2,1,4,4,1,1,1,6,1,4,5,1,0,0,0,1,8,1,1,eab3644f0dcbfcc7d7d9a5d28cef7d1babaa32ac7b3cb5c3c7a0b3a2ec3a6600,0999c22db0a7c8ee6e8963a209e25b1cd89b36c1f369350bfeeb5553e9e4969f,1
130,1400000,1,c6_reverse_order,production,1,0,4,7,1,2,1,4,4,1,1,1,6,1,4,5,1,0,0,0,1,8,1,1,eab3644f0dcbfcc7d7d9a5d28cef7d1babaa32ac7b3cb5c3c7a0b3a2ec3a6600,0999c22db0a7c8ee6e8963a209e25b1cd89b36c1f369350bfeeb5553e9e4969f,1
131,1400000,1,c6_timing_offset,reference,1,0,4,7,1,2,1,4,4,1,1,1,6,1,4,5,1,0,0,0,1,8,3,3,4f8d2d7e64cf4d45d4cc3111c327241e3c5219a9f13e9efb7df1d21c38fe5920,6a3727ace4f627a5b8a0dc02e8d299c4d801363b9e6e613f0942a3a725f26403,1
131,1400000,1,c6_timing_offset,production,1,0,4,7,1,2,1,4,4,1,1,1,6,1,4,5,1,0,0,0,1,8,3,3,4f8d2d7e64cf4d45d4cc3111c327241e3c5219a9f13e9efb7df1d21c38fe5920,6a3727ace4f627a5b8a0dc02e8d299c4d801363b9e6e613f0942a3a725f26403,1
132,1400000,1,c7_contact_fanout,reference,1,1,4,7,1,2,1,4,7,1,2,1,6,1,4,5,2,0,0,0,1,9,1,1,33cee5ced3b52d4d243a534721d767fbc64ac2bb3f785ea80e6828d479da5b1d,b21a5835bd26a9e0c5c6321f30a70054433cdb56a971f649dd3fa3e91e9a4110,1
132,1400000,1,c7_contact_fanout,production,1,1,4,7,1,2,1,4,7,1,2,1,6,1,4,5,2,0,0,0,1,9,1,1,33cee5ced3b52d4d243a534721d767fbc64ac2bb3f785ea80e6828d479da5b1d,b21a5835bd26a9e0c5c6321f30a70054433cdb56a971f649dd3fa3e91e9a4110,1
133,1400000,2,old_source_local,reference,1,1,4,7,1,2,1,4,7,1,2,1,4,1,2,3,2,0,0,0,1,7,2,2,e71ddff89293463eb300487aac3adfae30f98a5c4eb5b43a0ab4cc23bebc76aa,5f3cbf938eae5ebb42b1b9c3ad747d69c66d8b17bdd29c69eb558cb9be71affe,1
133,1400000,2,old_source_local,production,1,1,4,7,1,2,1,4,7,1,2,1,4,1,2,3,2,0,0,0,1,7,2,2,e71ddff89293463eb300487aac3adfae30f98a5c4eb5b43a0ab4cc23bebc76aa,5f3cbf938eae5ebb42b1b9c3ad747d69c66d8b17bdd29c69eb558cb9be71affe,1
134,1400000,2,c0_contact_a,reference,1,0,4,7,1,2,1,4,4,1,1,1,6,1,4,5,1,0,0,0,1,8,2,2,fe339284b116588472ee86cd91b49045b84bacb57cf1053a69399eab2caa49c9,d6c59646196a902a7bf8ff620b49e1e5bf9c81cf0604f89deda9f68632936781,1
134,1400000,2,c0_contact_a,production,1,0,4,7,1,2,1,4,4,1,1,1,6,1,4,5,1,0,0,0,1,8,2,2,fe339284b116588472ee86cd91b49045b84bacb57cf1053a69399eab2caa49c9,d6c59646196a902a7bf8ff620b49e1e5bf9c81cf0604f89deda9f68632936781,1
135,1400000,2,c1_contact_b,reference,0,1,4,4,1,1,1,4,7,1,2,1,6,1,4,5,1,0,0,0,1,8,2,2,38762a30a375954b0f0d41a20ab7b67f5e19d1e6e7d72912d2f8d44fa264f0d9,e494cd86be741604576e745bb701a8b230e64c4533319782fccbbee6bf2a2fe3,1
135,1400000,2,c1_contact_b,production,0,1,4,4,1,1,1,4,7,1,2,1,6,1,4,5,1,0,0,0,1,8,2,2,38762a30a375954b0f0d41a20ab7b67f5e19d1e6e7d72912d2f8d44fa264f0d9,e494cd86be741604576e745bb701a8b230e64c4533319782fccbbee6bf2a2fe3,1
136,1400000,2,c2_a_not_traversed,reference,0,0,4,4,1,1,1,4,4,1,1,1,3,1,2,2,0,0,0,0,0,4,2,2,3f78fd6a8f7ce1462d8be335cde8b66d15251fe4e20d58bcc99d6d5f5cda04e7,11836b80ee5afebba3003edd95de7ba1311ed73a4cdd280a168571df52ac07fc,1
136,1400000,2,c2_a_not_traversed,production,0,0,4,4,1,1,1,4,4,1,1,1,3,1,2,2,0,0,0,0,0,4,2,2,3f78fd6a8f7ce1462d8be335cde8b66d15251fe4e20d58bcc99d6d5f5cda04e7,11836b80ee5afebba3003edd95de7ba1311ed73a4cdd280a168571df52ac07fc,1
137,1400000,2,c3_drive_at_ca,reference,0,0,4,4,1,1,1,4,4,1,1,1,7,0,4,5,0,0,0,0,2,7,3,3,404a0c237ec529f7332883f2f4e556082a42bd50dd0b4f39e75367289e769ad5,7726192f2ed9d9abe8b7d777e58902b62f7ff597c539fbe2e71d261fc8bde37a,1
137,1400000,2,c3_drive_at_ca,production,0,0,4,4,1,1,1,4,4,1,1,1,7,0,4,5,0,0,0,0,2,7,3,3,404a0c237ec529f7332883f2f4e556082a42bd50dd0b4f39e75367289e769ad5,7726192f2ed9d9abe8b7d777e58902b62f7ff597c539fbe2e71d261fc8bde37a,1
138,1400000,2,c4_late_modulation,reference,0,0,4,3,1,1,1,4,3,1,1,1,6,1,4,5,0,0,0,0,1,7,7,7,68e80f7cb3c74861af2c1c9a7ce26e3f8d5137f0b5b3d40f66dc243e663c96e9,5a8d1e59c7f99e0a3ab55515b9691a996d4b0f01e6691e2661ce13bac94c2f55,1
138,1400000,2,c4_late_modulation,production,0,0,4,3,1,1,1,4,3,1,1,1,6,1,4,5,0,0,0,0,1,7,7,7,68e80f7cb3c74861af2c1c9a7ce26e3f8d5137f0b5b3d40f66dc243e663c96e9,5a8d1e59c7f99e0a3ab55515b9691a996d4b0f01e6691e2661ce13bac94c2f55,1
139,1400000,2,c5_dense_distractors,reference,1,0,4,7,1,2,1,4,4,1,1,1,71,1,37,38,1,0,0,0,2,73,3,3,052a72e68d35b53dffc439fb8a790d7aaf08f591b0dcf3aae8d0b8f3aa8bcd52,d57f3943409b15855d03cbe8928a50423e7c1d5f2789d2669034481374ba557c,1
139,1400000,2,c5_dense_distractors,production,1,0,4,7,1,2,1,4,4,1,1,1,71,1,37,38,1,0,0,0,2,73,3,3,052a72e68d35b53dffc439fb8a790d7aaf08f591b0dcf3aae8d0b8f3aa8bcd52,d57f3943409b15855d03cbe8928a50423e7c1d5f2789d2669034481374ba557c,1
140,1400000,2,c6_swapped_identity,reference,1,0,4,7,1,2,1,4,4,1,1,1,6,1,4,5,1,0,0,0,1,8,2,2,5ba294b82cd8632a55563f1761d9da594aa29f9bf320285f0766ee4f7ea78a84,36f31491133fced66f63b16196583f99d00a9237e168a290ace0e05a779a437c,1
140,1400000,2,c6_swapped_identity,production,1,0,4,7,1,2,1,4,4,1,1,1,6,1,4,5,1,0,0,0,1,8,2,2,5ba294b82cd8632a55563f1761d9da594aa29f9bf320285f0766ee4f7ea78a84,36f31491133fced66f63b16196583f99d00a9237e168a290ace0e05a779a437c,1
141,1400000,2,c6_reverse_order,reference,1,0,4,7,1,2,1,4,4,1,1,1,6,1,4,5,1,0,0,0,1,8,2,2,ac15d7e9d99df3d8462aa38857175b42657f843604f7e726203f5d6b648334bb,0999c22db0a7c8ee6e8963a209e25b1cd89b36c1f369350bfeeb5553e9e4969f,1
141,1400000,2,c6_reverse_order,production,1,0,4,7,1,2,1,4,4,1,1,1,6,1,4,5,1,0,0,0,1,8,2,2,ac15d7e9d99df3d8462aa38857175b42657f843604f7e726203f5d6b648334bb,0999c22db0a7c8ee6e8963a209e25b1cd89b36c1f369350bfeeb5553e9e4969f,1
142,1400000,2,c6_timing_offset,reference,1,0,4,7,1,2,1,4,4,1,1,1,6,1,4,5,1,0,0,0,1,8,4,4,0081be0b3be8ebf2066a4aadcf3d48c4bc9b87ccfd01b01e751b5071f0d2f7cb,6a3727ace4f627a5b8a0dc02e8d299c4d801363b9e6e613f0942a3a725f26403,1
142,1400000,2,c6_timing_offset,production,1,0,4,7,1,2,1,4,4,1,1,1,6,1,4,5,1,0,0,0,1,8,4,4,0081be0b3be8ebf2066a4aadcf3d48c4bc9b87ccfd01b01e751b5071f0d2f7cb,6a3727ace4f627a5b8a0dc02e8d299c4d801363b9e6e613f0942a3a725f26403,1
143,1400000,2,c7_contact_fanout,reference,1,1,4,7,1,2,1,4,7,1,2,1,6,1,4,5,2,0,0,0,1,9,2,2,4719a7b00d9451d8a78451b3dc413df2666f3ff219da12e2fe37584a49a77953,b21a5835bd26a9e0c5c6321f30a70054433cdb56a971f649dd3fa3e91e9a4110,1
143,1400000,2,c7_contact_fanout,production,1,1,4,7,1,2,1,4,7,1,2,1,6,1,4,5,2,0,0,0,1,9,2,2,4719a7b00d9451d8a78451b3dc413df2666f3ff219da12e2fe37584a49a77953,b21a5835bd26a9e0c5c6321f30a70054433cdb56a971f649dd3fa3e91e9a4110,1
144,1400000,3,old_source_local,reference,1,1,4,7,1,2,1,4,7,1,2,1,4,1,2,3,2,0,0,0,1,7,3,3,581072010738e86236de7b07507d9a7f50cffcff9be1b572155f03d88f718b16,5f3cbf938eae5ebb42b1b9c3ad747d69c66d8b17bdd29c69eb558cb9be71affe,1
144,1400000,3,old_source_local,production,1,1,4,7,1,2,1,4,7,1,2,1,4,1,2,3,2,0,0,0,1,7,3,3,581072010738e86236de7b07507d9a7f50cffcff9be1b572155f03d88f718b16,5f3cbf938eae5ebb42b1b9c3ad747d69c66d8b17bdd29c69eb558cb9be71affe,1
145,1400000,3,c0_contact_a,reference,1,0,4,7,1,2,1,4,4,1,1,1,6,1,4,5,1,0,0,0,1,8,3,3,a814dcdffe7b36635087ec89970df6748a1497b8ba3bfa05100a1c5f88d34893,d6c59646196a902a7bf8ff620b49e1e5bf9c81cf0604f89deda9f68632936781,1
145,1400000,3,c0_contact_a,production,1,0,4,7,1,2,1,4,4,1,1,1,6,1,4,5,1,0,0,0,1,8,3,3,a814dcdffe7b36635087ec89970df6748a1497b8ba3bfa05100a1c5f88d34893,d6c59646196a902a7bf8ff620b49e1e5bf9c81cf0604f89deda9f68632936781,1
146,1400000,3,c1_contact_b,reference,0,1,4,4,1,1,1,4,7,1,2,1,6,1,4,5,1,0,0,0,1,8,3,3,69cf84ffa4514f096a0462df74bffdd99bf0a578ba96bd2511116d60169b5d9f,e494cd86be741604576e745bb701a8b230e64c4533319782fccbbee6bf2a2fe3,1
146,1400000,3,c1_contact_b,production,0,1,4,4,1,1,1,4,7,1,2,1,6,1,4,5,1,0,0,0,1,8,3,3,69cf84ffa4514f096a0462df74bffdd99bf0a578ba96bd2511116d60169b5d9f,e494cd86be741604576e745bb701a8b230e64c4533319782fccbbee6bf2a2fe3,1
147,1400000,3,c2_a_not_traversed,reference,0,0,4,4,1,1,1,4,4,1,1,1,3,1,2,2,0,0,0,0,0,4,3,3,5cfc90de797c90078df796a518bbceee34d5434d82a172f5902598ab58030021,11836b80ee5afebba3003edd95de7ba1311ed73a4cdd280a168571df52ac07fc,1
147,1400000,3,c2_a_not_traversed,production,0,0,4,4,1,1,1,4,4,1,1,1,3,1,2,2,0,0,0,0,0,4,3,3,5cfc90de797c90078df796a518bbceee34d5434d82a172f5902598ab58030021,11836b80ee5afebba3003edd95de7ba1311ed73a4cdd280a168571df52ac07fc,1
148,1400000,3,c3_drive_at_ca,reference,0,0,4,4,1,1,1,4,4,1,1,1,7,0,4,5,0,0,0,0,2,7,4,4,34a236ca17272828253b51e22f8ac542b33dcc8e7a53e8d36bcdad1f32c5f532,7726192f2ed9d9abe8b7d777e58902b62f7ff597c539fbe2e71d261fc8bde37a,1
148,1400000,3,c3_drive_at_ca,production,0,0,4,4,1,1,1,4,4,1,1,1,7,0,4,5,0,0,0,0,2,7,4,4,34a236ca17272828253b51e22f8ac542b33dcc8e7a53e8d36bcdad1f32c5f532,7726192f2ed9d9abe8b7d777e58902b62f7ff597c539fbe2e71d261fc8bde37a,1
149,1400000,3,c4_late_modulation,reference,0,0,4,3,1,1,1,4,3,1,1,1,6,1,4,5,0,0,0,0,1,7,8,8,bbd83941dfd74ed22706bd1f9379c74cbbc5cc48d6e20efacd22fb5c15929e1f,5a8d1e59c7f99e0a3ab55515b9691a996d4b0f01e6691e2661ce13bac94c2f55,1
149,1400000,3,c4_late_modulation,production,0,0,4,3,1,1,1,4,3,1,1,1,6,1,4,5,0,0,0,0,1,7,8,8,bbd83941dfd74ed22706bd1f9379c74cbbc5cc48d6e20efacd22fb5c15929e1f,5a8d1e59c7f99e0a3ab55515b9691a996d4b0f01e6691e2661ce13bac94c2f55,1
150,1400000,3,c5_dense_distractors,reference,1,0,4,7,1,2,1,4,4,1,1,1,71,1,37,38,1,0,0,0,2,73,4,4,48b1285e517a06a40f3522dd4c789f0768cc2056a395bf4edf982484f6678322,d57f3943409b15855d03cbe8928a50423e7c1d5f2789d2669034481374ba557c,1
150,1400000,3,c5_dense_distractors,production,1,0,4,7,1,2,1,4,4,1,1,1,71,1,37,38,1,0,0,0,2,73,4,4,48b1285e517a06a40f3522dd4c789f0768cc2056a395bf4edf982484f6678322,d57f3943409b15855d03cbe8928a50423e7c1d5f2789d2669034481374ba557c,1
151,1400000,3,c6_swapped_identity,reference,1,0,4,7,1,2,1,4,4,1,1,1,6,1,4,5,1,0,0,0,1,8,3,3,218b1533197d4ebf37e385c81b79df8e9f571c18bb595bb671908ee9feaf8c77,36f31491133fced66f63b16196583f99d00a9237e168a290ace0e05a779a437c,1
151,1400000,3,c6_swapped_identity,production,1,0,4,7,1,2,1,4,4,1,1,1,6,1,4,5,1,0,0,0,1,8,3,3,218b1533197d4ebf37e385c81b79df8e9f571c18bb595bb671908ee9feaf8c77,36f31491133fced66f63b16196583f99d00a9237e168a290ace0e05a779a437c,1
152,1400000,3,c6_reverse_order,reference,1,0,4,7,1,2,1,4,4,1,1,1,6,1,4,5,1,0,0,0,1,8,3,3,ff46e8344b2ca70b672d0e3f0997854eb3bb8143ac928f57d77d9759c4f6c9e6,0999c22db0a7c8ee6e8963a209e25b1cd89b36c1f369350bfeeb5553e9e4969f,1
152,1400000,3,c6_reverse_order,production,1,0,4,7,1,2,1,4,4,1,1,1,6,1,4,5,1,0,0,0,1,8,3,3,ff46e8344b2ca70b672d0e3f0997854eb3bb8143ac928f57d77d9759c4f6c9e6,0999c22db0a7c8ee6e8963a209e25b1cd89b36c1f369350bfeeb5553e9e4969f,1
153,1400000,3,c6_timing_offset,reference,1,0,4,7,1,2,1,4,4,1,1,1,6,1,4,5,1,0,0,0,1,8,5,5,c4fc0c6db7a44155835512a4005e451701d6bd7ab329b3f8639b8f7a14c5a0e9,6a3727ace4f627a5b8a0dc02e8d299c4d801363b9e6e613f0942a3a725f26403,1
153,1400000,3,c6_timing_offset,production,1,0,4,7,1,2,1,4,4,1,1,1,6,1,4,5,1,0,0,0,1,8,5,5,c4fc0c6db7a44155835512a4005e451701d6bd7ab329b3f8639b8f7a14c5a0e9,6a3727ace4f627a5b8a0dc02e8d299c4d801363b9e6e613f0942a3a725f26403,1
154,1400000,3,c7_contact_fanout,reference,1,1,4,7,1,2,1,4,7,1,2,1,6,1,4,5,2,0,0,0,1,9,3,3,fedb5fcb4024191cc72720f571c173b2d952201a9381680c3f4cf329d4bd11bc,b21a5835bd26a9e0c5c6321f30a70054433cdb56a971f649dd3fa3e91e9a4110,1
154,1400000,3,c7_contact_fanout,production,1,1,4,7,1,2,1,4,7,1,2,1,6,1,4,5,2,0,0,0,1,9,3,3,fedb5fcb4024191cc72720f571c173b2d952201a9381680c3f4cf329d4bd11bc,b21a5835bd26a9e0c5c6321f30a70054433cdb56a971f649dd3fa3e91e9a4110,1
155,1400000,4,old_source_local,reference,1,1,4,7,1,2,1,4,7,1,2,1,4,1,2,3,2,0,0,0,1,7,4,4,aa4b38e7881e3b27d518efa70bdbf5f358966fdf74bc96235ef2ef7557b26bd4,5f3cbf938eae5ebb42b1b9c3ad747d69c66d8b17bdd29c69eb558cb9be71affe,1
155,1400000,4,old_source_local,production,1,1,4,7,1,2,1,4,7,1,2,1,4,1,2,3,2,0,0,0,1,7,4,4,aa4b38e7881e3b27d518efa70bdbf5f358966fdf74bc96235ef2ef7557b26bd4,5f3cbf938eae5ebb42b1b9c3ad747d69c66d8b17bdd29c69eb558cb9be71affe,1
156,1400000,4,c0_contact_a,reference,1,0,4,7,1,2,1,4,4,1,1,1,6,1,4,5,1,0,0,0,1,8,4,4,b300284578cebe934787078944f2d651d74b0f1320323bca4227bfcdfd16346b,d6c59646196a902a7bf8ff620b49e1e5bf9c81cf0604f89deda9f68632936781,1
156,1400000,4,c0_contact_a,production,1,0,4,7,1,2,1,4,4,1,1,1,6,1,4,5,1,0,0,0,1,8,4,4,b300284578cebe934787078944f2d651d74b0f1320323bca4227bfcdfd16346b,d6c59646196a902a7bf8ff620b49e1e5bf9c81cf0604f89deda9f68632936781,1
157,1400000,4,c1_contact_b,reference,0,1,4,4,1,1,1,4,7,1,2,1,6,1,4,5,1,0,0,0,1,8,4,4,137c237ad77c510f7220b8c3624f7289edb1cb94c955fd1267dcab91f4b03283,e494cd86be741604576e745bb701a8b230e64c4533319782fccbbee6bf2a2fe3,1
157,1400000,4,c1_contact_b,production,0,1,4,4,1,1,1,4,7,1,2,1,6,1,4,5,1,0,0,0,1,8,4,4,137c237ad77c510f7220b8c3624f7289edb1cb94c955fd1267dcab91f4b03283,e494cd86be741604576e745bb701a8b230e64c4533319782fccbbee6bf2a2fe3,1
158,1400000,4,c2_a_not_traversed,reference,0,0,4,4,1,1,1,4,4,1,1,1,3,1,2,2,0,0,0,0,0,4,4,4,6009bb072f868fe455767f306d6b56e5cdd16b4cdcb9541589e98172cd3cb941,11836b80ee5afebba3003edd95de7ba1311ed73a4cdd280a168571df52ac07fc,1
158,1400000,4,c2_a_not_traversed,production,0,0,4,4,1,1,1,4,4,1,1,1,3,1,2,2,0,0,0,0,0,4,4,4,6009bb072f868fe455767f306d6b56e5cdd16b4cdcb9541589e98172cd3cb941,11836b80ee5afebba3003edd95de7ba1311ed73a4cdd280a168571df52ac07fc,1
159,1400000,4,c3_drive_at_ca,reference,0,0,4,4,1,1,1,4,4,1,1,1,7,0,4,5,0,0,0,0,2,7,5,5,afeda5e1c1f2a7fc695523b93d836803d9b250f0923a151424c75f01e2f46aca,7726192f2ed9d9abe8b7d777e58902b62f7ff597c539fbe2e71d261fc8bde37a,1
159,1400000,4,c3_drive_at_ca,production,0,0,4,4,1,1,1,4,4,1,1,1,7,0,4,5,0,0,0,0,2,7,5,5,afeda5e1c1f2a7fc695523b93d836803d9b250f0923a151424c75f01e2f46aca,7726192f2ed9d9abe8b7d777e58902b62f7ff597c539fbe2e71d261fc8bde37a,1
160,1400000,4,c4_late_modulation,reference,0,0,4,3,1,1,1,4,3,1,1,1,6,1,4,5,0,0,0,0,1,7,9,9,be146e30c2cd38411344fdbe87d3a5f1fb5879c68f955896dc3160a7dde95993,5a8d1e59c7f99e0a3ab55515b9691a996d4b0f01e6691e2661ce13bac94c2f55,1
160,1400000,4,c4_late_modulation,production,0,0,4,3,1,1,1,4,3,1,1,1,6,1,4,5,0,0,0,0,1,7,9,9,be146e30c2cd38411344fdbe87d3a5f1fb5879c68f955896dc3160a7dde95993,5a8d1e59c7f99e0a3ab55515b9691a996d4b0f01e6691e2661ce13bac94c2f55,1
161,1400000,4,c5_dense_distractors,reference,1,0,4,7,1,2,1,4,4,1,1,1,71,1,37,38,1,0,0,0,2,73,5,5,8f978912fec48501cb02b291562775c0dd64695b3a1c15682b76f625b6c84305,d57f3943409b15855d03cbe8928a50423e7c1d5f2789d2669034481374ba557c,1
161,1400000,4,c5_dense_distractors,production,1,0,4,7,1,2,1,4,4,1,1,1,71,1,37,38,1,0,0,0,2,73,5,5,8f978912fec48501cb02b291562775c0dd64695b3a1c15682b76f625b6c84305,d57f3943409b15855d03cbe8928a50423e7c1d5f2789d2669034481374ba557c,1
162,1400000,4,c6_swapped_identity,reference,1,0,4,7,1,2,1,4,4,1,1,1,6,1,4,5,1,0,0,0,1,8,4,4,99b5fb7babb0ab99be1cbee63debbe706be43364056a9923f762c85a75789401,36f31491133fced66f63b16196583f99d00a9237e168a290ace0e05a779a437c,1
162,1400000,4,c6_swapped_identity,production,1,0,4,7,1,2,1,4,4,1,1,1,6,1,4,5,1,0,0,0,1,8,4,4,99b5fb7babb0ab99be1cbee63debbe706be43364056a9923f762c85a75789401,36f31491133fced66f63b16196583f99d00a9237e168a290ace0e05a779a437c,1
163,1400000,4,c6_reverse_order,reference,1,0,4,7,1,2,1,4,4,1,1,1,6,1,4,5,1,0,0,0,1,8,4,4,6c4fc6f06fe97755311856fbfd703a65f74821322d24f11eeef3c171e1ad6840,0999c22db0a7c8ee6e8963a209e25b1cd89b36c1f369350bfeeb5553e9e4969f,1
163,1400000,4,c6_reverse_order,production,1,0,4,7,1,2,1,4,4,1,1,1,6,1,4,5,1,0,0,0,1,8,4,4,6c4fc6f06fe97755311856fbfd703a65f74821322d24f11eeef3c171e1ad6840,0999c22db0a7c8ee6e8963a209e25b1cd89b36c1f369350bfeeb5553e9e4969f,1
164,1400000,4,c6_timing_offset,reference,1,0,4,7,1,2,1,4,4,1,1,1,6,1,4,5,1,0,0,0,1,8,6,6,82f74a83b63bd3cc69594396c2fbac66639b03a8b8f456859c410a027ec7bc78,6a3727ace4f627a5b8a0dc02e8d299c4d801363b9e6e613f0942a3a725f26403,1
164,1400000,4,c6_timing_offset,production,1,0,4,7,1,2,1,4,4,1,1,1,6,1,4,5,1,0,0,0,1,8,6,6,82f74a83b63bd3cc69594396c2fbac66639b03a8b8f456859c410a027ec7bc78,6a3727ace4f627a5b8a0dc02e8d299c4d801363b9e6e613f0942a3a725f26403,1
165,1400000,4,c7_contact_fanout,reference,1,1,4,7,1,2,1,4,7,1,2,1,6,1,4,5,2,0,0,0,1,9,4,4,a330b393426b10be8d5fe1db6095ea01a955a51d5e4d74a727ae104d7b5b9bc7,b21a5835bd26a9e0c5c6321f30a70054433cdb56a971f649dd3fa3e91e9a4110,1
165,1400000,4,c7_contact_fanout,production,1,1,4,7,1,2,1,4,7,1,2,1,6,1,4,5,2,0,0,0,1,9,4,4,a330b393426b10be8d5fe1db6095ea01a955a51d5e4d74a727ae104d7b5b9bc7,b21a5835bd26a9e0c5c6321f30a70054433cdb56a971f649dd3fa3e91e9a4110,1
166,1400000,5,old_source_local,reference,1,1,4,7,1,2,1,4,7,1,2,1,4,1,2,3,2,0,0,0,1,7,5,5,c0c15248b1ed858c5cff54b76c73e3460184c72c67c23a5b5535f0c0cdd41baa,5f3cbf938eae5ebb42b1b9c3ad747d69c66d8b17bdd29c69eb558cb9be71affe,1
166,1400000,5,old_source_local,production,1,1,4,7,1,2,1,4,7,1,2,1,4,1,2,3,2,0,0,0,1,7,5,5,c0c15248b1ed858c5cff54b76c73e3460184c72c67c23a5b5535f0c0cdd41baa,5f3cbf938eae5ebb42b1b9c3ad747d69c66d8b17bdd29c69eb558cb9be71affe,1
167,1400000,5,c0_contact_a,reference,1,0,4,7,1,2,1,4,4,1,1,1,6,1,4,5,1,0,0,0,1,8,5,5,42f305bd71780b7e4ed6344858f81c3e56bd732a6f1f0a4cf18781e5577222e0,d6c59646196a902a7bf8ff620b49e1e5bf9c81cf0604f89deda9f68632936781,1
167,1400000,5,c0_contact_a,production,1,0,4,7,1,2,1,4,4,1,1,1,6,1,4,5,1,0,0,0,1,8,5,5,42f305bd71780b7e4ed6344858f81c3e56bd732a6f1f0a4cf18781e5577222e0,d6c59646196a902a7bf8ff620b49e1e5bf9c81cf0604f89deda9f68632936781,1
168,1400000,5,c1_contact_b,reference,0,1,4,4,1,1,1,4,7,1,2,1,6,1,4,5,1,0,0,0,1,8,5,5,361572fa379ad5610ce1c8a5e325dece04fcbf58e152371cb383d5a72b38c3f7,e494cd86be741604576e745bb701a8b230e64c4533319782fccbbee6bf2a2fe3,1
168,1400000,5,c1_contact_b,production,0,1,4,4,1,1,1,4,7,1,2,1,6,1,4,5,1,0,0,0,1,8,5,5,361572fa379ad5610ce1c8a5e325dece04fcbf58e152371cb383d5a72b38c3f7,e494cd86be741604576e745bb701a8b230e64c4533319782fccbbee6bf2a2fe3,1
169,1400000,5,c2_a_not_traversed,reference,0,0,4,4,1,1,1,4,4,1,1,1,3,1,2,2,0,0,0,0,0,4,5,5,094dcaac914ce114d62040ea22e0e5564539b963d35f41019da47a66eb60092a,11836b80ee5afebba3003edd95de7ba1311ed73a4cdd280a168571df52ac07fc,1
169,1400000,5,c2_a_not_traversed,production,0,0,4,4,1,1,1,4,4,1,1,1,3,1,2,2,0,0,0,0,0,4,5,5,094dcaac914ce114d62040ea22e0e5564539b963d35f41019da47a66eb60092a,11836b80ee5afebba3003edd95de7ba1311ed73a4cdd280a168571df52ac07fc,1
170,1400000,5,c3_drive_at_ca,reference,0,0,4,4,1,1,1,4,4,1,1,1,7,0,4,5,0,0,0,0,2,7,6,6,117982ccc4c1f81536026708871a33fac2b6ef0aaa41aaa21804439bc4f3c86e,7726192f2ed9d9abe8b7d777e58902b62f7ff597c539fbe2e71d261fc8bde37a,1
170,1400000,5,c3_drive_at_ca,production,0,0,4,4,1,1,1,4,4,1,1,1,7,0,4,5,0,0,0,0,2,7,6,6,117982ccc4c1f81536026708871a33fac2b6ef0aaa41aaa21804439bc4f3c86e,7726192f2ed9d9abe8b7d777e58902b62f7ff597c539fbe2e71d261fc8bde37a,1
171,1400000,5,c4_late_modulation,reference,0,0,4,2,1,1,1,4,2,1,1,1,6,1,4,5,0,0,0,0,1,7,10,0,dfe3ca7423ee05c2e26e5a095ea66bdaac0abc6dfdeca6e0488241bf193e6474,79b458652b089fca1ab060db20f1a1c947c8199e64b540046b2c71fde4496b76,1
171,1400000,5,c4_late_modulation,production,0,0,4,2,1,1,1,4,2,1,1,1,6,1,4,5,0,0,0,0,1,7,10,0,dfe3ca7423ee05c2e26e5a095ea66bdaac0abc6dfdeca6e0488241bf193e6474,79b458652b089fca1ab060db20f1a1c947c8199e64b540046b2c71fde4496b76,1
172,1400000,5,c5_dense_distractors,reference,1,0,4,7,1,2,1,4,4,1,1,1,71,1,37,38,1,0,0,0,2,73,6,6,7b4312fbe27a7823fb15c0368f8042b7ed26ddb8ef8c3e6134c15aee01f551b8,d57f3943409b15855d03cbe8928a50423e7c1d5f2789d2669034481374ba557c,1
172,1400000,5,c5_dense_distractors,production,1,0,4,7,1,2,1,4,4,1,1,1,71,1,37,38,1,0,0,0,2,73,6,6,7b4312fbe27a7823fb15c0368f8042b7ed26ddb8ef8c3e6134c15aee01f551b8,d57f3943409b15855d03cbe8928a50423e7c1d5f2789d2669034481374ba557c,1
173,1400000,5,c6_swapped_identity,reference,1,0,4,7,1,2,1,4,4,1,1,1,6,1,4,5,1,0,0,0,1,8,5,5,965d7778ee975073181202028a0258c443e56b1be70d43853fea3a48b3937e27,36f31491133fced66f63b16196583f99d00a9237e168a290ace0e05a779a437c,1
173,1400000,5,c6_swapped_identity,production,1,0,4,7,1,2,1,4,4,1,1,1,6,1,4,5,1,0,0,0,1,8,5,5,965d7778ee975073181202028a0258c443e56b1be70d43853fea3a48b3937e27,36f31491133fced66f63b16196583f99d00a9237e168a290ace0e05a779a437c,1
174,1400000,5,c6_reverse_order,reference,1,0,4,7,1,2,1,4,4,1,1,1,6,1,4,5,1,0,0,0,1,8,5,5,cd334664c0f0aeed44afe97dde6b2c9a5e2a841c54295b5691ed7927a9b428f5,0999c22db0a7c8ee6e8963a209e25b1cd89b36c1f369350bfeeb5553e9e4969f,1
174,1400000,5,c6_reverse_order,production,1,0,4,7,1,2,1,4,4,1,1,1,6,1,4,5,1,0,0,0,1,8,5,5,cd334664c0f0aeed44afe97dde6b2c9a5e2a841c54295b5691ed7927a9b428f5,0999c22db0a7c8ee6e8963a209e25b1cd89b36c1f369350bfeeb5553e9e4969f,1
175,1400000,5,c6_timing_offset,reference,1,0,4,7,1,2,1,4,4,1,1,1,6,1,4,5,1,0,0,0,1,8,7,7,7ce7607b308e44c989fa4f7121d9af2e1778d76f89265a5660aa70c92aa2b5f8,6a3727ace4f627a5b8a0dc02e8d299c4d801363b9e6e613f0942a3a725f26403,1
175,1400000,5,c6_timing_offset,production,1,0,4,7,1,2,1,4,4,1,1,1,6,1,4,5,1,0,0,0,1,8,7,7,7ce7607b308e44c989fa4f7121d9af2e1778d76f89265a5660aa70c92aa2b5f8,6a3727ace4f627a5b8a0dc02e8d299c4d801363b9e6e613f0942a3a725f26403,1
176,1400000,5,c7_contact_fanout,reference,1,1,4,7,1,2,1,4,7,1,2,1,6,1,4,5,2,0,0,0,1,9,5,5,27e1c921ddb5c167d53d048603e30282854b66b385535275be6fc7817af6d554,b21a5835bd26a9e0c5c6321f30a70054433cdb56a971f649dd3fa3e91e9a4110,1
176,1400000,5,c7_contact_fanout,production,1,1,4,7,1,2,1,4,7,1,2,1,6,1,4,5,2,0,0,0,1,9,5,5,27e1c921ddb5c167d53d048603e30282854b66b385535275be6fc7817af6d554,b21a5835bd26a9e0c5c6321f30a70054433cdb56a971f649dd3fa3e91e9a4110,1
177,1400000,6,old_source_local,reference,1,1,4,7,1,2,1,4,7,1,2,1,4,1,2,3,2,0,0,0,1,7,6,6,b53e240723e8daa4eb5c8d04703935f3681dd82283707ba4f655d7f7ed701f56,5f3cbf938eae5ebb42b1b9c3ad747d69c66d8b17bdd29c69eb558cb9be71affe,1
177,1400000,6,old_source_local,production,1,1,4,7,1,2,1,4,7,1,2,1,4,1,2,3,2,0,0,0,1,7,6,6,b53e240723e8daa4eb5c8d04703935f3681dd82283707ba4f655d7f7ed701f56,5f3cbf938eae5ebb42b1b9c3ad747d69c66d8b17bdd29c69eb558cb9be71affe,1
178,1400000,6,c0_contact_a,reference,1,0,4,7,1,2,1,4,4,1,1,1,6,1,4,5,1,0,0,0,1,8,6,6,8e7756f55d75b8828d9dec26f0683f0b679a7c5666d600fdc7808654829d512a,d6c59646196a902a7bf8ff620b49e1e5bf9c81cf0604f89deda9f68632936781,1
178,1400000,6,c0_contact_a,production,1,0,4,7,1,2,1,4,4,1,1,1,6,1,4,5,1,0,0,0,1,8,6,6,8e7756f55d75b8828d9dec26f0683f0b679a7c5666d600fdc7808654829d512a,d6c59646196a902a7bf8ff620b49e1e5bf9c81cf0604f89deda9f68632936781,1
179,1400000,6,c1_contact_b,reference,0,1,4,4,1,1,1,4,7,1,2,1,6,1,4,5,1,0,0,0,1,8,6,6,303592a47f5c88c821fe2eb08fa42615e3295dce870f8f89e62995cce129e2a4,e494cd86be741604576e745bb701a8b230e64c4533319782fccbbee6bf2a2fe3,1
179,1400000,6,c1_contact_b,production,0,1,4,4,1,1,1,4,7,1,2,1,6,1,4,5,1,0,0,0,1,8,6,6,303592a47f5c88c821fe2eb08fa42615e3295dce870f8f89e62995cce129e2a4,e494cd86be741604576e745bb701a8b230e64c4533319782fccbbee6bf2a2fe3,1
180,1400000,6,c2_a_not_traversed,reference,0,0,4,4,1,1,1,4,4,1,1,1,3,1,2,2,0,0,0,0,0,4,6,6,5c1f425dd47662bd787b2d4f1b979970822ccb8f1c046ec007cd79441964fb76,11836b80ee5afebba3003edd95de7ba1311ed73a4cdd280a168571df52ac07fc,1
180,1400000,6,c2_a_not_traversed,production,0,0,4,4,1,1,1,4,4,1,1,1,3,1,2,2,0,0,0,0,0,4,6,6,5c1f425dd47662bd787b2d4f1b979970822ccb8f1c046ec007cd79441964fb76,11836b80ee5afebba3003edd95de7ba1311ed73a4cdd280a168571df52ac07fc,1
181,1400000,6,c3_drive_at_ca,reference,0,0,4,4,1,1,1,4,4,1,1,1,7,0,4,5,0,0,0,0,2,7,7,7,827959845b59825114f8ccc58823cf2ef7cc6121299700bc24887e89f0c2ea5d,7726192f2ed9d9abe8b7d777e58902b62f7ff597c539fbe2e71d261fc8bde37a,1
181,1400000,6,c3_drive_at_ca,production,0,0,4,4,1,1,1,4,4,1,1,1,7,0,4,5,0,0,0,0,2,7,7,7,827959845b59825114f8ccc58823cf2ef7cc6121299700bc24887e89f0c2ea5d,7726192f2ed9d9abe8b7d777e58902b62f7ff597c539fbe2e71d261fc8bde37a,1
182,1400000,6,c4_late_modulation,reference,0,0,4,3,1,1,1,4,3,1,1,1,6,1,4,5,0,0,0,0,1,7,11,1,7c15097bc3894d582b62de853c256525659024a498d4dd0fa40efe5b51840822,385d82cddc588cf1d90c516d3a97fe6ded98847d719f242d61fa5cd123ac271d,1
182,1400000,6,c4_late_modulation,production,0,0,4,3,1,1,1,4,3,1,1,1,6,1,4,5,0,0,0,0,1,7,11,1,7c15097bc3894d582b62de853c256525659024a498d4dd0fa40efe5b51840822,385d82cddc588cf1d90c516d3a97fe6ded98847d719f242d61fa5cd123ac271d,1
183,1400000,6,c5_dense_distractors,reference,1,0,4,7,1,2,1,4,4,1,1,1,71,1,37,38,1,0,0,0,2,73,7,7,148c3426583964c156db6f6fe800cc62481ba743b291fef73e5ac2ccc609c84a,d57f3943409b15855d03cbe8928a50423e7c1d5f2789d2669034481374ba557c,1
183,1400000,6,c5_dense_distractors,production,1,0,4,7,1,2,1,4,4,1,1,1,71,1,37,38,1,0,0,0,2,73,7,7,148c3426583964c156db6f6fe800cc62481ba743b291fef73e5ac2ccc609c84a,d57f3943409b15855d03cbe8928a50423e7c1d5f2789d2669034481374ba557c,1
184,1400000,6,c6_swapped_identity,reference,1,0,4,7,1,2,1,4,4,1,1,1,6,1,4,5,1,0,0,0,1,8,6,6,1786f422d3131e8bddafc10baf318bb61275532fa43717fd744f717bb0832e1f,36f31491133fced66f63b16196583f99d00a9237e168a290ace0e05a779a437c,1
184,1400000,6,c6_swapped_identity,production,1,0,4,7,1,2,1,4,4,1,1,1,6,1,4,5,1,0,0,0,1,8,6,6,1786f422d3131e8bddafc10baf318bb61275532fa43717fd744f717bb0832e1f,36f31491133fced66f63b16196583f99d00a9237e168a290ace0e05a779a437c,1
185,1400000,6,c6_reverse_order,reference,1,0,4,7,1,2,1,4,4,1,1,1,6,1,4,5,1,0,0,0,1,8,6,6,d7a93f788d49752168c4ebc53af438074a272c5fc8ac8055a5b4c7be164b9bf0,0999c22db0a7c8ee6e8963a209e25b1cd89b36c1f369350bfeeb5553e9e4969f,1
185,1400000,6,c6_reverse_order,production,1,0,4,7,1,2,1,4,4,1,1,1,6,1,4,5,1,0,0,0,1,8,6,6,d7a93f788d49752168c4ebc53af438074a272c5fc8ac8055a5b4c7be164b9bf0,0999c22db0a7c8ee6e8963a209e25b1cd89b36c1f369350bfeeb5553e9e4969f,1
186,1400000,6,c6_timing_offset,reference,1,0,4,7,1,2,1,4,4,1,1,1,6,1,4,5,1,0,0,0,1,8,8,8,c59c2f371f597b75754d9d8e8bd1ffec70d4e56bc54bd046b923e5038b4d68ad,6a3727ace4f627a5b8a0dc02e8d299c4d801363b9e6e613f0942a3a725f26403,1
186,1400000,6,c6_timing_offset,production,1,0,4,7,1,2,1,4,4,1,1,1,6,1,4,5,1,0,0,0,1,8,8,8,c59c2f371f597b75754d9d8e8bd1ffec70d4e56bc54bd046b923e5038b4d68ad,6a3727ace4f627a5b8a0dc02e8d299c4d801363b9e6e613f0942a3a725f26403,1
187,1400000,6,c7_contact_fanout,reference,1,1,4,7,1,2,1,4,7,1,2,1,6,1,4,5,2,0,0,0,1,9,6,6,1619adfc2c037ea1a78c0f999e1ecc973e5490bd1e271d1334aebf830d9ed37a,b21a5835bd26a9e0c5c6321f30a70054433cdb56a971f649dd3fa3e91e9a4110,1
187,1400000,6,c7_contact_fanout,production,1,1,4,7,1,2,1,4,7,1,2,1,6,1,4,5,2,0,0,0,1,9,6,6,1619adfc2c037ea1a78c0f999e1ecc973e5490bd1e271d1334aebf830d9ed37a,b21a5835bd26a9e0c5c6321f30a70054433cdb56a971f649dd3fa3e91e9a4110,1
188,1400000,7,old_source_local,reference,1,1,4,7,1,2,1,4,7,1,2,1,4,1,2,3,2,0,0,0,1,7,7,7,732440aa727d55a1b9af9e4b19485c3553fb3e7aeeac2bd2338f8cc8e111747b,5f3cbf938eae5ebb42b1b9c3ad747d69c66d8b17bdd29c69eb558cb9be71affe,1
188,1400000,7,old_source_local,production,1,1,4,7,1,2,1,4,7,1,2,1,4,1,2,3,2,0,0,0,1,7,7,7,732440aa727d55a1b9af9e4b19485c3553fb3e7aeeac2bd2338f8cc8e111747b,5f3cbf938eae5ebb42b1b9c3ad747d69c66d8b17bdd29c69eb558cb9be71affe,1
189,1400000,7,c0_contact_a,reference,1,0,4,7,1,2,1,4,4,1,1,1,6,1,4,5,1,0,0,0,1,8,7,7,4f210624ecf92bde5af741253737e9a9808f23c9f6e85ddc31b1696d44ff6aca,d6c59646196a902a7bf8ff620b49e1e5bf9c81cf0604f89deda9f68632936781,1
189,1400000,7,c0_contact_a,production,1,0,4,7,1,2,1,4,4,1,1,1,6,1,4,5,1,0,0,0,1,8,7,7,4f210624ecf92bde5af741253737e9a9808f23c9f6e85ddc31b1696d44ff6aca,d6c59646196a902a7bf8ff620b49e1e5bf9c81cf0604f89deda9f68632936781,1
190,1400000,7,c1_contact_b,reference,0,1,4,4,1,1,1,4,7,1,2,1,6,1,4,5,1,0,0,0,1,8,7,7,4cd1be3b1b985262a5ab307378c900022936542272a78ae74af3dd0347be7df3,e494cd86be741604576e745bb701a8b230e64c4533319782fccbbee6bf2a2fe3,1
190,1400000,7,c1_contact_b,production,0,1,4,4,1,1,1,4,7,1,2,1,6,1,4,5,1,0,0,0,1,8,7,7,4cd1be3b1b985262a5ab307378c900022936542272a78ae74af3dd0347be7df3,e494cd86be741604576e745bb701a8b230e64c4533319782fccbbee6bf2a2fe3,1
191,1400000,7,c2_a_not_traversed,reference,0,0,4,4,1,1,1,4,4,1,1,1,3,1,2,2,0,0,0,0,0,4,7,7,6b8662d502fcb0bf9d92af9fe5108b98511d720163d37b151c288c2e4b868da7,11836b80ee5afebba3003edd95de7ba1311ed73a4cdd280a168571df52ac07fc,1
191,1400000,7,c2_a_not_traversed,production,0,0,4,4,1,1,1,4,4,1,1,1,3,1,2,2,0,0,0,0,0,4,7,7,6b8662d502fcb0bf9d92af9fe5108b98511d720163d37b151c288c2e4b868da7,11836b80ee5afebba3003edd95de7ba1311ed73a4cdd280a168571df52ac07fc,1
192,1400000,7,c3_drive_at_ca,reference,0,0,4,4,1,1,1,4,4,1,1,1,7,0,4,5,0,0,0,0,2,7,8,8,ce3474fdf0ec4ba7cd8166721c72577dfaa6cc4ded7eff1f365ade91ac4b9ea3,7726192f2ed9d9abe8b7d777e58902b62f7ff597c539fbe2e71d261fc8bde37a,1
192,1400000,7,c3_drive_at_ca,production,0,0,4,4,1,1,1,4,4,1,1,1,7,0,4,5,0,0,0,0,2,7,8,8,ce3474fdf0ec4ba7cd8166721c72577dfaa6cc4ded7eff1f365ade91ac4b9ea3,7726192f2ed9d9abe8b7d777e58902b62f7ff597c539fbe2e71d261fc8bde37a,1
193,1400000,7,c4_late_modulation,reference,0,0,4,3,1,1,1,4,3,1,1,1,6,1,4,5,0,0,0,0,1,7,12,2,1cb40b470a47541d173ddfb704464a1559308b8921d0f25e0314a539f8c4ff9c,385d82cddc588cf1d90c516d3a97fe6ded98847d719f242d61fa5cd123ac271d,1
193,1400000,7,c4_late_modulation,production,0,0,4,3,1,1,1,4,3,1,1,1,6,1,4,5,0,0,0,0,1,7,12,2,1cb40b470a47541d173ddfb704464a1559308b8921d0f25e0314a539f8c4ff9c,385d82cddc588cf1d90c516d3a97fe6ded98847d719f242d61fa5cd123ac271d,1
194,1400000,7,c5_dense_distractors,reference,1,0,4,7,1,2,1,4,4,1,1,1,71,1,37,38,1,0,0,0,2,73,8,8,df817703b23ecf0199dedbfad298652e675a27a23c951119c1f443d264d9db6d,d57f3943409b15855d03cbe8928a50423e7c1d5f2789d2669034481374ba557c,1
194,1400000,7,c5_dense_distractors,production,1,0,4,7,1,2,1,4,4,1,1,1,71,1,37,38,1,0,0,0,2,73,8,8,df817703b23ecf0199dedbfad298652e675a27a23c951119c1f443d264d9db6d,d57f3943409b15855d03cbe8928a50423e7c1d5f2789d2669034481374ba557c,1
195,1400000,7,c6_swapped_identity,reference,1,0,4,7,1,2,1,4,4,1,1,1,6,1,4,5,1,0,0,0,1,8,7,7,c403d8a00eb1d4e4506629e4c673044b071690e46070e050aebfee4a65b9422b,36f31491133fced66f63b16196583f99d00a9237e168a290ace0e05a779a437c,1
195,1400000,7,c6_swapped_identity,production,1,0,4,7,1,2,1,4,4,1,1,1,6,1,4,5,1,0,0,0,1,8,7,7,c403d8a00eb1d4e4506629e4c673044b071690e46070e050aebfee4a65b9422b,36f31491133fced66f63b16196583f99d00a9237e168a290ace0e05a779a437c,1
196,1400000,7,c6_reverse_order,reference,1,0,4,7,1,2,1,4,4,1,1,1,6,1,4,5,1,0,0,0,1,8,7,7,77d31f1f2e87db3ec9a868e5806746b50853ed9431b17fc91cf17c8098c41198,0999c22db0a7c8ee6e8963a209e25b1cd89b36c1f369350bfeeb5553e9e4969f,1
196,1400000,7,c6_reverse_order,production,1,0,4,7,1,2,1,4,4,1,1,1,6,1,4,5,1,0,0,0,1,8,7,7,77d31f1f2e87db3ec9a868e5806746b50853ed9431b17fc91cf17c8098c41198,0999c22db0a7c8ee6e8963a209e25b1cd89b36c1f369350bfeeb5553e9e4969f,1
197,1400000,7,c6_timing_offset,reference,1,0,4,7,1,2,1,4,4,1,1,1,6,1,4,5,1,0,0,0,1,8,9,9,128c6be96fe19226cfc5fc4ec1542f1be8d256f1a3628c06c27fac94daefc0aa,6a3727ace4f627a5b8a0dc02e8d299c4d801363b9e6e613f0942a3a725f26403,1
197,1400000,7,c6_timing_offset,production,1,0,4,7,1,2,1,4,4,1,1,1,6,1,4,5,1,0,0,0,1,8,9,9,128c6be96fe19226cfc5fc4ec1542f1be8d256f1a3628c06c27fac94daefc0aa,6a3727ace4f627a5b8a0dc02e8d299c4d801363b9e6e613f0942a3a725f26403,1
198,1400000,7,c7_contact_fanout,reference,1,1,4,7,1,2,1,4,7,1,2,1,6,1,4,5,2,0,0,0,1,9,7,7,43b6ad42cb1af9774b549f55403301b50975f2d871d7a3f0316ba5e51f068e6e,b21a5835bd26a9e0c5c6321f30a70054433cdb56a971f649dd3fa3e91e9a4110,1
198,1400000,7,c7_contact_fanout,production,1,1,4,7,1,2,1,4,7,1,2,1,6,1,4,5,2,0,0,0,1,9,7,7,43b6ad42cb1af9774b549f55403301b50975f2d871d7a3f0316ba5e51f068e6e,b21a5835bd26a9e0c5c6321f30a70054433cdb56a971f649dd3fa3e91e9a4110,1
199,1400000,8,old_source_local,reference,1,1,4,7,1,2,1,4,7,1,2,1,4,1,2,3,2,0,0,0,1,7,8,8,ea207c78eb3ac579e5c22fc1f032b6bfe6c95c55017dbaf6db8e694690ead2ae,5f3cbf938eae5ebb42b1b9c3ad747d69c66d8b17bdd29c69eb558cb9be71affe,1
199,1400000,8,old_source_local,production,1,1,4,7,1,2,1,4,7,1,2,1,4,1,2,3,2,0,0,0,1,7,8,8,ea207c78eb3ac579e5c22fc1f032b6bfe6c95c55017dbaf6db8e694690ead2ae,5f3cbf938eae5ebb42b1b9c3ad747d69c66d8b17bdd29c69eb558cb9be71affe,1
200,1400000,8,c0_contact_a,reference,1,0,4,7,1,2,1,4,4,1,1,1,6,1,4,5,1,0,0,0,1,8,8,8,d9781632dfadf5c07b6cb81d2a0386e244ffe7400c5010aaddc4930b09baa0ce,d6c59646196a902a7bf8ff620b49e1e5bf9c81cf0604f89deda9f68632936781,1
200,1400000,8,c0_contact_a,production,1,0,4,7,1,2,1,4,4,1,1,1,6,1,4,5,1,0,0,0,1,8,8,8,d9781632dfadf5c07b6cb81d2a0386e244ffe7400c5010aaddc4930b09baa0ce,d6c59646196a902a7bf8ff620b49e1e5bf9c81cf0604f89deda9f68632936781,1
201,1400000,8,c1_contact_b,reference,0,1,4,4,1,1,1,4,7,1,2,1,6,1,4,5,1,0,0,0,1,8,8,8,b83a058b6d5fa103a3d5809bf68f26bb9fdf4b878d9be94790cc2ca50af0c85c,e494cd86be741604576e745bb701a8b230e64c4533319782fccbbee6bf2a2fe3,1
201,1400000,8,c1_contact_b,production,0,1,4,4,1,1,1,4,7,1,2,1,6,1,4,5,1,0,0,0,1,8,8,8,b83a058b6d5fa103a3d5809bf68f26bb9fdf4b878d9be94790cc2ca50af0c85c,e494cd86be741604576e745bb701a8b230e64c4533319782fccbbee6bf2a2fe3,1
202,1400000,8,c2_a_not_traversed,reference,0,0,4,4,1,1,1,4,4,1,1,1,3,1,2,2,0,0,0,0,0,4,8,8,4220f43dda65e555f624c0a5cd6ff2f2e04a63fa77cfcc3d81d5f2a59f9e5be2,11836b80ee5afebba3003edd95de7ba1311ed73a4cdd280a168571df52ac07fc,1
202,1400000,8,c2_a_not_traversed,production,0,0,4,4,1,1,1,4,4,1,1,1,3,1,2,2,0,0,0,0,0,4,8,8,4220f43dda65e555f624c0a5cd6ff2f2e04a63fa77cfcc3d81d5f2a59f9e5be2,11836b80ee5afebba3003edd95de7ba1311ed73a4cdd280a168571df52ac07fc,1
203,1400000,8,c3_drive_at_ca,reference,0,0,4,4,1,1,1,4,4,1,1,1,7,0,4,5,0,0,0,0,2,7,9,9,aaa9e89ba6a2c3d75e604f277cd0d3fa6b0152869af5dd456fef518547d02ea1,7726192f2ed9d9abe8b7d777e58902b62f7ff597c539fbe2e71d261fc8bde37a,1
203,1400000,8,c3_drive_at_ca,production,0,0,4,4,1,1,1,4,4,1,1,1,7,0,4,5,0,0,0,0,2,7,9,9,aaa9e89ba6a2c3d75e604f277cd0d3fa6b0152869af5dd456fef518547d02ea1,7726192f2ed9d9abe8b7d777e58902b62f7ff597c539fbe2e71d261fc8bde37a,1
204,1400000,8,c4_late_modulation,reference,0,0,4,3,1,1,1,4,3,1,1,1,6,1,4,5,0,0,0,0,1,7,13,3,348bfbcecd7c58d101feb4e4574f3cbd00be2c0603a4afed1d6718116c0956a1,385d82cddc588cf1d90c516d3a97fe6ded98847d719f242d61fa5cd123ac271d,1
204,1400000,8,c4_late_modulation,production,0,0,4,3,1,1,1,4,3,1,1,1,6,1,4,5,0,0,0,0,1,7,13,3,348bfbcecd7c58d101feb4e4574f3cbd00be2c0603a4afed1d6718116c0956a1,385d82cddc588cf1d90c516d3a97fe6ded98847d719f242d61fa5cd123ac271d,1
205,1400000,8,c5_dense_distractors,reference,1,0,4,7,1,2,1,4,4,1,1,1,71,1,37,38,1,0,0,0,2,73,9,9,51dc767db6f0478932c9a09a4ebbc80ad3fd45f2f71481feff7a2749eb70b81a,d57f3943409b15855d03cbe8928a50423e7c1d5f2789d2669034481374ba557c,1
205,1400000,8,c5_dense_distractors,production,1,0,4,7,1,2,1,4,4,1,1,1,71,1,37,38,1,0,0,0,2,73,9,9,51dc767db6f0478932c9a09a4ebbc80ad3fd45f2f71481feff7a2749eb70b81a,d57f3943409b15855d03cbe8928a50423e7c1d5f2789d2669034481374ba557c,1
206,1400000,8,c6_swapped_identity,reference,1,0,4,7,1,2,1,4,4,1,1,1,6,1,4,5,1,0,0,0,1,8,8,8,650012eca09d1267c855e9e6afd8cd43c4176ef6841a885dce4045fecab1faf8,36f31491133fced66f63b16196583f99d00a9237e168a290ace0e05a779a437c,1
206,1400000,8,c6_swapped_identity,production,1,0,4,7,1,2,1,4,4,1,1,1,6,1,4,5,1,0,0,0,1,8,8,8,650012eca09d1267c855e9e6afd8cd43c4176ef6841a885dce4045fecab1faf8,36f31491133fced66f63b16196583f99d00a9237e168a290ace0e05a779a437c,1
207,1400000,8,c6_reverse_order,reference,1,0,4,7,1,2,1,4,4,1,1,1,6,1,4,5,1,0,0,0,1,8,8,8,6ad41f3ce2aaaba3c215a34ab9cc2be808ed20dbbedab48fade10c380d0a5915,0999c22db0a7c8ee6e8963a209e25b1cd89b36c1f369350bfeeb5553e9e4969f,1
207,1400000,8,c6_reverse_order,production,1,0,4,7,1,2,1,4,4,1,1,1,6,1,4,5,1,0,0,0,1,8,8,8,6ad41f3ce2aaaba3c215a34ab9cc2be808ed20dbbedab48fade10c380d0a5915,0999c22db0a7c8ee6e8963a209e25b1cd89b36c1f369350bfeeb5553e9e4969f,1
208,1400000,8,c6_timing_offset,reference,1,0,4,7,1,2,1,4,3,1,1,1,6,1,4,5,1,0,0,0,1,8,10,0,823e084c74d8295d2c17a181b6cf146bfbb09cb17d2e8e68d26bf9f8c925e380,a7e0b23619d4703a8325e510dd0a67f438efb643ddd3ba2bd838ce8ae4413f89,1
208,1400000,8,c6_timing_offset,production,1,0,4,7,1,2,1,4,3,1,1,1,6,1,4,5,1,0,0,0,1,8,10,0,823e084c74d8295d2c17a181b6cf146bfbb09cb17d2e8e68d26bf9f8c925e380,a7e0b23619d4703a8325e510dd0a67f438efb643ddd3ba2bd838ce8ae4413f89,1
209,1400000,8,c7_contact_fanout,reference,1,1,4,7,1,2,1,4,7,1,2,1,6,1,4,5,2,0,0,0,1,9,8,8,c94b3c5f01b548b6b317a91d594ae9964c2e2c9485eda186c580174c02456baa,b21a5835bd26a9e0c5c6321f30a70054433cdb56a971f649dd3fa3e91e9a4110,1
209,1400000,8,c7_contact_fanout,production,1,1,4,7,1,2,1,4,7,1,2,1,6,1,4,5,2,0,0,0,1,9,8,8,c94b3c5f01b548b6b317a91d594ae9964c2e2c9485eda186c580174c02456baa,b21a5835bd26a9e0c5c6321f30a70054433cdb56a971f649dd3fa3e91e9a4110,1
210,1400000,9,old_source_local,reference,1,1,4,7,1,2,1,4,7,1,2,1,4,1,2,3,2,0,0,0,1,7,9,9,d4fff524fdcf21d59a1d03dc00a646dd4606a86b091b92b0c2badcf090d60709,5f3cbf938eae5ebb42b1b9c3ad747d69c66d8b17bdd29c69eb558cb9be71affe,1
210,1400000,9,old_source_local,production,1,1,4,7,1,2,1,4,7,1,2,1,4,1,2,3,2,0,0,0,1,7,9,9,d4fff524fdcf21d59a1d03dc00a646dd4606a86b091b92b0c2badcf090d60709,5f3cbf938eae5ebb42b1b9c3ad747d69c66d8b17bdd29c69eb558cb9be71affe,1
211,1400000,9,c0_contact_a,reference,1,0,4,7,1,2,1,4,4,1,1,1,6,1,4,5,1,0,0,0,1,8,9,9,68c3ad20dd702ac950aa9c6ca75a61581d9571904efbd14729a2c2513f7551c4,d6c59646196a902a7bf8ff620b49e1e5bf9c81cf0604f89deda9f68632936781,1
211,1400000,9,c0_contact_a,production,1,0,4,7,1,2,1,4,4,1,1,1,6,1,4,5,1,0,0,0,1,8,9,9,68c3ad20dd702ac950aa9c6ca75a61581d9571904efbd14729a2c2513f7551c4,d6c59646196a902a7bf8ff620b49e1e5bf9c81cf0604f89deda9f68632936781,1
212,1400000,9,c1_contact_b,reference,0,1,4,4,1,1,1,4,7,1,2,1,6,1,4,5,1,0,0,0,1,8,9,9,bd680b2d4df0081bdf97089c2ed50a00a63f2a1e516565bc1a36c52f89d653de,e494cd86be741604576e745bb701a8b230e64c4533319782fccbbee6bf2a2fe3,1
212,1400000,9,c1_contact_b,production,0,1,4,4,1,1,1,4,7,1,2,1,6,1,4,5,1,0,0,0,1,8,9,9,bd680b2d4df0081bdf97089c2ed50a00a63f2a1e516565bc1a36c52f89d653de,e494cd86be741604576e745bb701a8b230e64c4533319782fccbbee6bf2a2fe3,1
213,1400000,9,c2_a_not_traversed,reference,0,0,4,4,1,1,1,4,4,1,1,1,3,1,2,2,0,0,0,0,0,4,9,9,5d76040d3b3e5b0f742af4816d70660a68485690bfc5aaaa0476372bf558c848,11836b80ee5afebba3003edd95de7ba1311ed73a4cdd280a168571df52ac07fc,1
213,1400000,9,c2_a_not_traversed,production,0,0,4,4,1,1,1,4,4,1,1,1,3,1,2,2,0,0,0,0,0,4,9,9,5d76040d3b3e5b0f742af4816d70660a68485690bfc5aaaa0476372bf558c848,11836b80ee5afebba3003edd95de7ba1311ed73a4cdd280a168571df52ac07fc,1
214,1400000,9,c3_drive_at_ca,reference,0,0,4,4,1,1,1,4,4,1,1,1,7,0,4,5,0,0,0,0,2,7,10,0,2c09309d005dfe17c27f8a24a979930a43731fcd5cbcf6372dc9b0a3af4b52f5,7726192f2ed9d9abe8b7d777e58902b62f7ff597c539fbe2e71d261fc8bde37a,1
214,1400000,9,c3_drive_at_ca,production,0,0,4,4,1,1,1,4,4,1,1,1,7,0,4,5,0,0,0,0,2,7,10,0,2c09309d005dfe17c27f8a24a979930a43731fcd5cbcf6372dc9b0a3af4b52f5,7726192f2ed9d9abe8b7d777e58902b62f7ff597c539fbe2e71d261fc8bde37a,1
215,1400000,9,c4_late_modulation,reference,0,0,4,3,1,1,1,4,3,1,1,1,6,1,4,5,0,0,0,0,1,7,14,4,e47dd71485ce836c95f15fdeebb52479db2f4938b20c09643d77e9282ce22860,385d82cddc588cf1d90c516d3a97fe6ded98847d719f242d61fa5cd123ac271d,1
215,1400000,9,c4_late_modulation,production,0,0,4,3,1,1,1,4,3,1,1,1,6,1,4,5,0,0,0,0,1,7,14,4,e47dd71485ce836c95f15fdeebb52479db2f4938b20c09643d77e9282ce22860,385d82cddc588cf1d90c516d3a97fe6ded98847d719f242d61fa5cd123ac271d,1
216,1400000,9,c5_dense_distractors,reference,1,0,4,7,1,2,1,4,4,1,1,1,71,1,37,38,1,0,0,0,2,73,10,0,eab041becba3b33216fbd07d1e7777590ac899a6eb8f38191516bb604aa9d570,e46bd97ba7990ee370486348081126f793a8ba630ffc0944d74757f27abfb8fa,1
216,1400000,9,c5_dense_distractors,production,1,0,4,7,1,2,1,4,4,1,1,1,71,1,37,38,1,0,0,0,2,73,10,0,eab041becba3b33216fbd07d1e7777590ac899a6eb8f38191516bb604aa9d570,e46bd97ba7990ee370486348081126f793a8ba630ffc0944d74757f27abfb8fa,1
217,1400000,9,c6_swapped_identity,reference,1,0,4,7,1,2,1,4,4,1,1,1,6,1,4,5,1,0,0,0,1,8,9,9,6f9fbe35f5f2f754ea02903ea903d3ca4792eba5412b10c5ac794f3c07cbe9a5,36f31491133fced66f63b16196583f99d00a9237e168a290ace0e05a779a437c,1
217,1400000,9,c6_swapped_identity,production,1,0,4,7,1,2,1,4,4,1,1,1,6,1,4,5,1,0,0,0,1,8,9,9,6f9fbe35f5f2f754ea02903ea903d3ca4792eba5412b10c5ac794f3c07cbe9a5,36f31491133fced66f63b16196583f99d00a9237e168a290ace0e05a779a437c,1
218,1400000,9,c6_reverse_order,reference,1,0,4,7,1,2,1,4,4,1,1,1,6,1,4,5,1,0,0,0,1,8,9,9,3ae2e440339ec3f72ccefb4d4fbcec9f61b163180a4b0d7e439f7e0126121184,0999c22db0a7c8ee6e8963a209e25b1cd89b36c1f369350bfeeb5553e9e4969f,1
218,1400000,9,c6_reverse_order,production,1,0,4,7,1,2,1,4,4,1,1,1,6,1,4,5,1,0,0,0,1,8,9,9,3ae2e440339ec3f72ccefb4d4fbcec9f61b163180a4b0d7e439f7e0126121184,0999c22db0a7c8ee6e8963a209e25b1cd89b36c1f369350bfeeb5553e9e4969f,1
219,1400000,9,c6_timing_offset,reference,1,0,4,7,1,2,1,4,3,1,1,1,6,1,4,5,1,0,0,0,1,8,11,1,b1e45a05017778ad9545d8d86e79a47bed3364e7130176ecff684d293bc70e3b,a7e0b23619d4703a8325e510dd0a67f438efb643ddd3ba2bd838ce8ae4413f89,1
219,1400000,9,c6_timing_offset,production,1,0,4,7,1,2,1,4,3,1,1,1,6,1,4,5,1,0,0,0,1,8,11,1,b1e45a05017778ad9545d8d86e79a47bed3364e7130176ecff684d293bc70e3b,a7e0b23619d4703a8325e510dd0a67f438efb643ddd3ba2bd838ce8ae4413f89,1
220,1400000,9,c7_contact_fanout,reference,1,1,4,7,1,2,1,4,7,1,2,1,6,1,4,5,2,0,0,0,1,9,9,9,e0a7b23b8c77f1bbac42862b8ef551d15f79b2479aca1338d48cd5f161e1b673,b21a5835bd26a9e0c5c6321f30a70054433cdb56a971f649dd3fa3e91e9a4110,1
220,1400000,9,c7_contact_fanout,production,1,1,4,7,1,2,1,4,7,1,2,1,6,1,4,5,2,0,0,0,1,9,9,9,e0a7b23b8c77f1bbac42862b8ef551d15f79b2479aca1338d48cd5f161e1b673,b21a5835bd26a9e0c5c6321f30a70054433cdb56a971f649dd3fa3e91e9a4110,1
