case,model,family,root,phase,mechanics,replay_equal,cross_mechanics_equal,checks_pass,failed,cell_updates,arrow_updates,cell_deallocations,arrow_deallocations,physical_work,trace_len,final_tick,naturally_quiescent,body_hash,markers
1,junction_model,useful_two_link_relation,7700000,0,reference,true,true,true,,0,2,0,0,10,15,12,true,418533b4a6480e75d53b081f85adabd65fe313edfcd166c33eb81295f0b23580,model=topology_derived_persistence;cell=Some(1);incoming=Some(4);outgoing=Some(4);live10=(Some(true); true; true);fires=1->2
1,junction_model,useful_two_link_relation,7700000,0,production,true,true,true,,0,2,0,0,10,15,12,true,418533b4a6480e75d53b081f85adabd65fe313edfcd166c33eb81295f0b23580,model=topology_derived_persistence;cell=Some(1);incoming=Some(4);outgoing=Some(4);live10=(Some(true); true; true);fires=1->2
2,junction_model,unsupported_relation,7700000,0,reference,true,true,true,,0,0,1,2,3,3,10,true,a4ec8b72abeee094523bc11f6f874f1c0fd9486c45190e04987507d5d3794afc,state=(Some(false); false; false; Some(10))
2,junction_model,unsupported_relation,7700000,0,production,true,true,true,,0,0,1,2,3,3,10,true,a4ec8b72abeee094523bc11f6f874f1c0fd9486c45190e04987507d5d3794afc,state=(Some(false); false; false; Some(10))
3,junction_model,one_incident_arrow_survives,7700000,0,reference,true,true,true,,0,0,0,1,1,1,10,true,50c5374f39f64fa5a040f8e43195424f79f7d33ecd5c2d72ca00eb03169d9010,state=(Some(true); true; false)
3,junction_model,one_incident_arrow_survives,7700000,0,production,true,true,true,,0,0,0,1,1,1,10,true,50c5374f39f64fa5a040f8e43195424f79f7d33ecd5c2d72ca00eb03169d9010,state=(Some(true); true; false)
4,junction_model,all_incident_arrows_gone,7700000,0,reference,true,true,true,,0,0,1,2,3,3,10,true,a4ec8b72abeee094523bc11f6f874f1c0fd9486c45190e04987507d5d3794afc,death=Some(10)
4,junction_model,all_incident_arrows_gone,7700000,0,production,true,true,true,,0,0,1,2,3,3,10,true,a4ec8b72abeee094523bc11f6f874f1c0fd9486c45190e04987507d5d3794afc,death=Some(10)
5,junction_model,generation_safe_reuse,7700000,0,reference,true,true,true,,0,0,1,2,3,3,10,true,3e516bb95a2bd5ab584962642c27c8d06da5a886b02c8dbbdc5688c460f74804,old=CellRef { arena: ArenaId(7700000); id: CellId(1); generation: Generation(1) }/Some(CellSlot(1));new=CellRef { arena: ArenaId(7700000); id: CellId(4); generation: Generation(2) }/Some(CellSlot(1))
5,junction_model,generation_safe_reuse,7700000,0,production,true,true,true,,0,0,1,2,3,3,10,true,3e516bb95a2bd5ab584962642c27c8d06da5a886b02c8dbbdc5688c460f74804,old=CellRef { arena: ArenaId(7700000); id: CellId(1); generation: Generation(1) }/Some(CellSlot(1));new=CellRef { arena: ArenaId(7700000); id: CellId(4); generation: Generation(2) }/Some(CellSlot(1))
6,junction_model,two_participating_incoming,7700000,0,reference,true,true,true,,0,3,0,0,10,14,3,true,e859d8e14c2faf5369186babc06033c0039375fe79d4bca02842ef5825a32db7,state=(Some(4); Some(4); Some(4); Some(1))
6,junction_model,two_participating_incoming,7700000,0,production,true,true,true,,0,3,0,0,10,14,3,true,e859d8e14c2faf5369186babc06033c0039375fe79d4bca02842ef5825a32db7,state=(Some(4); Some(4); Some(4); Some(1))
7,junction_model,one_incoming_not_participating,7700000,0,reference,true,true,true,,0,2,0,0,7,10,3,true,ba096866a70974f3f58208a1dceab26432288447841ecfb25bda1d937e0c9aa7,state=(Some(4); Some(1); Some(4); Some(1))
7,junction_model,one_incoming_not_participating,7700000,0,production,true,true,true,,0,2,0,0,7,10,3,true,ba096866a70974f3f58208a1dceab26432288447841ecfb25bda1d937e0c9aa7,state=(Some(4); Some(1); Some(4); Some(1))
8,junction_model,nearby_unrelated_topology,7700000,0,reference,true,true,true,,0,2,0,0,9,13,3,true,bac6fca127cffc74ecb54095b52b4d71a90c784e00c1bec85bebc2885f60e944,state=(Some(4); Some(4); Some(1); Some(1))
8,junction_model,nearby_unrelated_topology,7700000,0,production,true,true,true,,0,2,0,0,9,13,3,true,bac6fca127cffc74ecb54095b52b4d71a90c784e00c1bec85bebc2885f60e944,state=(Some(4); Some(4); Some(1); Some(1))
9,junction_model,useful_two_link_relation,7700000,1,reference,true,true,true,,0,2,0,0,10,15,13,true,418533b4a6480e75d53b081f85adabd65fe313edfcd166c33eb81295f0b23580,model=topology_derived_persistence;cell=Some(1);incoming=Some(4);outgoing=Some(4);live10=(Some(true); true; true);fires=1->2
9,junction_model,useful_two_link_relation,7700000,1,production,true,true,true,,0,2,0,0,10,15,13,true,418533b4a6480e75d53b081f85adabd65fe313edfcd166c33eb81295f0b23580,model=topology_derived_persistence;cell=Some(1);incoming=Some(4);outgoing=Some(4);live10=(Some(true); true; true);fires=1->2
10,junction_model,unsupported_relation,7700000,1,reference,true,true,true,,0,0,1,2,3,3,11,true,a4ec8b72abeee094523bc11f6f874f1c0fd9486c45190e04987507d5d3794afc,state=(Some(false); false; false; Some(10))
10,junction_model,unsupported_relation,7700000,1,production,true,true,true,,0,0,1,2,3,3,11,true,a4ec8b72abeee094523bc11f6f874f1c0fd9486c45190e04987507d5d3794afc,state=(Some(false); false; false; Some(10))
11,junction_model,one_incident_arrow_survives,7700000,1,reference,true,true,true,,0,0,0,1,1,1,11,true,50c5374f39f64fa5a040f8e43195424f79f7d33ecd5c2d72ca00eb03169d9010,state=(Some(true); true; false)
11,junction_model,one_incident_arrow_survives,7700000,1,production,true,true,true,,0,0,0,1,1,1,11,true,50c5374f39f64fa5a040f8e43195424f79f7d33ecd5c2d72ca00eb03169d9010,state=(Some(true); true; false)
12,junction_model,all_incident_arrows_gone,7700000,1,reference,true,true,true,,0,0,1,2,3,3,11,true,a4ec8b72abeee094523bc11f6f874f1c0fd9486c45190e04987507d5d3794afc,death=Some(10)
12,junction_model,all_incident_arrows_gone,7700000,1,production,true,true,true,,0,0,1,2,3,3,11,true,a4ec8b72abeee094523bc11f6f874f1c0fd9486c45190e04987507d5d3794afc,death=Some(10)
13,junction_model,generation_safe_reuse,7700000,1,reference,true,true,true,,0,0,1,2,3,3,11,true,3e516bb95a2bd5ab584962642c27c8d06da5a886b02c8dbbdc5688c460f74804,old=CellRef { arena: ArenaId(7700000); id: CellId(1); generation: Generation(1) }/Some(CellSlot(1));new=CellRef { arena: ArenaId(7700000); id: CellId(4); generation: Generation(2) }/Some(CellSlot(1))
13,junction_model,generation_safe_reuse,7700000,1,production,true,true,true,,0,0,1,2,3,3,11,true,3e516bb95a2bd5ab584962642c27c8d06da5a886b02c8dbbdc5688c460f74804,old=CellRef { arena: ArenaId(7700000); id: CellId(1); generation: Generation(1) }/Some(CellSlot(1));new=CellRef { arena: ArenaId(7700000); id: CellId(4); generation: Generation(2) }/Some(CellSlot(1))
14,junction_model,two_participating_incoming,7700000,1,reference,true,true,true,,0,3,0,0,10,14,4,true,e859d8e14c2faf5369186babc06033c0039375fe79d4bca02842ef5825a32db7,state=(Some(4); Some(4); Some(4); Some(1))
14,junction_model,two_participating_incoming,7700000,1,production,true,true,true,,0,3,0,0,10,14,4,true,e859d8e14c2faf5369186babc06033c0039375fe79d4bca02842ef5825a32db7,state=(Some(4); Some(4); Some(4); Some(1))
15,junction_model,one_incoming_not_participating,7700000,1,reference,true,true,true,,0,2,0,0,7,10,4,true,ba096866a70974f3f58208a1dceab26432288447841ecfb25bda1d937e0c9aa7,state=(Some(4); Some(1); Some(4); Some(1))
15,junction_model,one_incoming_not_participating,7700000,1,production,true,true,true,,0,2,0,0,7,10,4,true,ba096866a70974f3f58208a1dceab26432288447841ecfb25bda1d937e0c9aa7,state=(Some(4); Some(1); Some(4); Some(1))
16,junction_model,nearby_unrelated_topology,7700000,1,reference,true,true,true,,0,2,0,0,9,13,4,true,bac6fca127cffc74ecb54095b52b4d71a90c784e00c1bec85bebc2885f60e944,state=(Some(4); Some(4); Some(1); Some(1))
16,junction_model,nearby_unrelated_topology,7700000,1,production,true,true,true,,0,2,0,0,9,13,4,true,bac6fca127cffc74ecb54095b52b4d71a90c784e00c1bec85bebc2885f60e944,state=(Some(4); Some(4); Some(1); Some(1))
17,junction_model,useful_two_link_relation,7700000,2,reference,true,true,true,,0,2,0,0,10,15,14,true,418533b4a6480e75d53b081f85adabd65fe313edfcd166c33eb81295f0b23580,model=topology_derived_persistence;cell=Some(1);incoming=Some(4);outgoing=Some(4);live10=(Some(true); true; true);fires=1->2
17,junction_model,useful_two_link_relation,7700000,2,production,true,true,true,,0,2,0,0,10,15,14,true,418533b4a6480e75d53b081f85adabd65fe313edfcd166c33eb81295f0b23580,model=topology_derived_persistence;cell=Some(1);incoming=Some(4);outgoing=Some(4);live10=(Some(true); true; true);fires=1->2
18,junction_model,unsupported_relation,7700000,2,reference,true,true,true,,0,0,1,2,3,3,12,true,a4ec8b72abeee094523bc11f6f874f1c0fd9486c45190e04987507d5d3794afc,state=(Some(false); false; false; Some(10))
18,junction_model,unsupported_relation,7700000,2,production,true,true,true,,0,0,1,2,3,3,12,true,a4ec8b72abeee094523bc11f6f874f1c0fd9486c45190e04987507d5d3794afc,state=(Some(false); false; false; Some(10))
19,junction_model,one_incident_arrow_survives,7700000,2,reference,true,true,true,,0,0,0,1,1,1,12,true,50c5374f39f64fa5a040f8e43195424f79f7d33ecd5c2d72ca00eb03169d9010,state=(Some(true); true; false)
19,junction_model,one_incident_arrow_survives,7700000,2,production,true,true,true,,0,0,0,1,1,1,12,true,50c5374f39f64fa5a040f8e43195424f79f7d33ecd5c2d72ca00eb03169d9010,state=(Some(true); true; false)
20,junction_model,all_incident_arrows_gone,7700000,2,reference,true,true,true,,0,0,1,2,3,3,12,true,a4ec8b72abeee094523bc11f6f874f1c0fd9486c45190e04987507d5d3794afc,death=Some(10)
20,junction_model,all_incident_arrows_gone,7700000,2,production,true,true,true,,0,0,1,2,3,3,12,true,a4ec8b72abeee094523bc11f6f874f1c0fd9486c45190e04987507d5d3794afc,death=Some(10)
21,junction_model,generation_safe_reuse,7700000,2,reference,true,true,true,,0,0,1,2,3,3,12,true,3e516bb95a2bd5ab584962642c27c8d06da5a886b02c8dbbdc5688c460f74804,old=CellRef { arena: ArenaId(7700000); id: CellId(1); generation: Generation(1) }/Some(CellSlot(1));new=CellRef { arena: ArenaId(7700000); id: CellId(4); generation: Generation(2) }/Some(CellSlot(1))
21,junction_model,generation_safe_reuse,7700000,2,production,true,true,true,,0,0,1,2,3,3,12,true,3e516bb95a2bd5ab584962642c27c8d06da5a886b02c8dbbdc5688c460f74804,old=CellRef { arena: ArenaId(7700000); id: CellId(1); generation: Generation(1) }/Some(CellSlot(1));new=CellRef { arena: ArenaId(7700000); id: CellId(4); generation: Generation(2) }/Some(CellSlot(1))
22,junction_model,two_participating_incoming,7700000,2,reference,true,true,true,,0,3,0,0,10,14,5,true,e859d8e14c2faf5369186babc06033c0039375fe79d4bca02842ef5825a32db7,state=(Some(4); Some(4); Some(4); Some(1))
22,junction_model,two_participating_incoming,7700000,2,production,true,true,true,,0,3,0,0,10,14,5,true,e859d8e14c2faf5369186babc06033c0039375fe79d4bca02842ef5825a32db7,state=(Some(4); Some(4); Some(4); Some(1))
23,junction_model,one_incoming_not_participating,7700000,2,reference,true,true,true,,0,2,0,0,7,10,5,true,ba096866a70974f3f58208a1dceab26432288447841ecfb25bda1d937e0c9aa7,state=(Some(4); Some(1); Some(4); Some(1))
23,junction_model,one_incoming_not_participating,7700000,2,production,true,true,true,,0,2,0,0,7,10,5,true,ba096866a70974f3f58208a1dceab26432288447841ecfb25bda1d937e0c9aa7,state=(Some(4); Some(1); Some(4); Some(1))
24,junction_model,nearby_unrelated_topology,7700000,2,reference,true,true,true,,0,2,0,0,9,13,5,true,bac6fca127cffc74ecb54095b52b4d71a90c784e00c1bec85bebc2885f60e944,state=(Some(4); Some(4); Some(1); Some(1))
24,junction_model,nearby_unrelated_topology,7700000,2,production,true,true,true,,0,2,0,0,9,13,5,true,bac6fca127cffc74ecb54095b52b4d71a90c784e00c1bec85bebc2885f60e944,state=(Some(4); Some(4); Some(1); Some(1))
25,junction_model,useful_two_link_relation,7700000,3,reference,true,true,true,,0,2,0,0,10,15,15,true,418533b4a6480e75d53b081f85adabd65fe313edfcd166c33eb81295f0b23580,model=topology_derived_persistence;cell=Some(1);incoming=Some(4);outgoing=Some(4);live10=(Some(true); true; true);fires=1->2
25,junction_model,useful_two_link_relation,7700000,3,production,true,true,true,,0,2,0,0,10,15,15,true,418533b4a6480e75d53b081f85adabd65fe313edfcd166c33eb81295f0b23580,model=topology_derived_persistence;cell=Some(1);incoming=Some(4);outgoing=Some(4);live10=(Some(true); true; true);fires=1->2
26,junction_model,unsupported_relation,7700000,3,reference,true,true,true,,0,0,1,2,3,3,13,true,a4ec8b72abeee094523bc11f6f874f1c0fd9486c45190e04987507d5d3794afc,state=(Some(false); false; false; Some(10))
26,junction_model,unsupported_relation,7700000,3,production,true,true,true,,0,0,1,2,3,3,13,true,a4ec8b72abeee094523bc11f6f874f1c0fd9486c45190e04987507d5d3794afc,state=(Some(false); false; false; Some(10))
27,junction_model,one_incident_arrow_survives,7700000,3,reference,true,true,true,,0,0,0,1,1,1,13,true,50c5374f39f64fa5a040f8e43195424f79f7d33ecd5c2d72ca00eb03169d9010,state=(Some(true); true; false)
27,junction_model,one_incident_arrow_survives,7700000,3,production,true,true,true,,0,0,0,1,1,1,13,true,50c5374f39f64fa5a040f8e43195424f79f7d33ecd5c2d72ca00eb03169d9010,state=(Some(true); true; false)
28,junction_model,all_incident_arrows_gone,7700000,3,reference,true,true,true,,0,0,1,2,3,3,13,true,a4ec8b72abeee094523bc11f6f874f1c0fd9486c45190e04987507d5d3794afc,death=Some(10)
28,junction_model,all_incident_arrows_gone,7700000,3,production,true,true,true,,0,0,1,2,3,3,13,true,a4ec8b72abeee094523bc11f6f874f1c0fd9486c45190e04987507d5d3794afc,death=Some(10)
29,junction_model,generation_safe_reuse,7700000,3,reference,true,true,true,,0,0,1,2,3,3,13,true,3e516bb95a2bd5ab584962642c27c8d06da5a886b02c8dbbdc5688c460f74804,old=CellRef { arena: ArenaId(7700000); id: CellId(1); generation: Generation(1) }/Some(CellSlot(1));new=CellRef { arena: ArenaId(7700000); id: CellId(4); generation: Generation(2) }/Some(CellSlot(1))
29,junction_model,generation_safe_reuse,7700000,3,production,true,true,true,,0,0,1,2,3,3,13,true,3e516bb95a2bd5ab584962642c27c8d06da5a886b02c8dbbdc5688c460f74804,old=CellRef { arena: ArenaId(7700000); id: CellId(1); generation: Generation(1) }/Some(CellSlot(1));new=CellRef { arena: ArenaId(7700000); id: CellId(4); generation: Generation(2) }/Some(CellSlot(1))
30,junction_model,two_participating_incoming,7700000,3,reference,true,true,true,,0,3,0,0,10,14,6,true,e859d8e14c2faf5369186babc06033c0039375fe79d4bca02842ef5825a32db7,state=(Some(4); Some(4); Some(4); Some(1))
30,junction_model,two_participating_incoming,7700000,3,production,true,true,true,,0,3,0,0,10,14,6,true,e859d8e14c2faf5369186babc06033c0039375fe79d4bca02842ef5825a32db7,state=(Some(4); Some(4); Some(4); Some(1))
31,junction_model,one_incoming_not_participating,7700000,3,reference,true,true,true,,0,2,0,0,7,10,6,true,ba096866a70974f3f58208a1dceab26432288447841ecfb25bda1d937e0c9aa7,state=(Some(4); Some(1); Some(4); Some(1))
31,junction_model,one_incoming_not_participating,7700000,3,production,true,true,true,,0,2,0,0,7,10,6,true,ba096866a70974f3f58208a1dceab26432288447841ecfb25bda1d937e0c9aa7,state=(Some(4); Some(1); Some(4); Some(1))
32,junction_model,nearby_unrelated_topology,7700000,3,reference,true,true,true,,0,2,0,0,9,13,6,true,bac6fca127cffc74ecb54095b52b4d71a90c784e00c1bec85bebc2885f60e944,state=(Some(4); Some(4); Some(1); Some(1))
32,junction_model,nearby_unrelated_topology,7700000,3,production,true,true,true,,0,2,0,0,9,13,6,true,bac6fca127cffc74ecb54095b52b4d71a90c784e00c1bec85bebc2885f60e944,state=(Some(4); Some(4); Some(1); Some(1))
33,junction_model,useful_two_link_relation,7700000,4,reference,true,true,true,,0,2,0,0,10,15,16,true,418533b4a6480e75d53b081f85adabd65fe313edfcd166c33eb81295f0b23580,model=topology_derived_persistence;cell=Some(1);incoming=Some(4);outgoing=Some(4);live10=(Some(true); true; true);fires=1->2
33,junction_model,useful_two_link_relation,7700000,4,production,true,true,true,,0,2,0,0,10,15,16,true,418533b4a6480e75d53b081f85adabd65fe313edfcd166c33eb81295f0b23580,model=topology_derived_persistence;cell=Some(1);incoming=Some(4);outgoing=Some(4);live10=(Some(true); true; true);fires=1->2
34,junction_model,unsupported_relation,7700000,4,reference,true,true,true,,0,0,1,2,3,3,14,true,a4ec8b72abeee094523bc11f6f874f1c0fd9486c45190e04987507d5d3794afc,state=(Some(false); false; false; Some(10))
34,junction_model,unsupported_relation,7700000,4,production,true,true,true,,0,0,1,2,3,3,14,true,a4ec8b72abeee094523bc11f6f874f1c0fd9486c45190e04987507d5d3794afc,state=(Some(false); false; false; Some(10))
35,junction_model,one_incident_arrow_survives,7700000,4,reference,true,true,true,,0,0,0,1,1,1,14,true,50c5374f39f64fa5a040f8e43195424f79f7d33ecd5c2d72ca00eb03169d9010,state=(Some(true); true; false)
35,junction_model,one_incident_arrow_survives,7700000,4,production,true,true,true,,0,0,0,1,1,1,14,true,50c5374f39f64fa5a040f8e43195424f79f7d33ecd5c2d72ca00eb03169d9010,state=(Some(true); true; false)
36,junction_model,all_incident_arrows_gone,7700000,4,reference,true,true,true,,0,0,1,2,3,3,14,true,a4ec8b72abeee094523bc11f6f874f1c0fd9486c45190e04987507d5d3794afc,death=Some(10)
36,junction_model,all_incident_arrows_gone,7700000,4,production,true,true,true,,0,0,1,2,3,3,14,true,a4ec8b72abeee094523bc11f6f874f1c0fd9486c45190e04987507d5d3794afc,death=Some(10)
37,junction_model,generation_safe_reuse,7700000,4,reference,true,true,true,,0,0,1,2,3,3,14,true,3e516bb95a2bd5ab584962642c27c8d06da5a886b02c8dbbdc5688c460f74804,old=CellRef { arena: ArenaId(7700000); id: CellId(1); generation: Generation(1) }/Some(CellSlot(1));new=CellRef { arena: ArenaId(7700000); id: CellId(4); generation: Generation(2) }/Some(CellSlot(1))
37,junction_model,generation_safe_reuse,7700000,4,production,true,true,true,,0,0,1,2,3,3,14,true,3e516bb95a2bd5ab584962642c27c8d06da5a886b02c8dbbdc5688c460f74804,old=CellRef { arena: ArenaId(7700000); id: CellId(1); generation: Generation(1) }/Some(CellSlot(1));new=CellRef { arena: ArenaId(7700000); id: CellId(4); generation: Generation(2) }/Some(CellSlot(1))
38,junction_model,two_participating_incoming,7700000,4,reference,true,true,true,,0,3,0,0,10,14,7,true,e859d8e14c2faf5369186babc06033c0039375fe79d4bca02842ef5825a32db7,state=(Some(4); Some(4); Some(4); Some(1))
38,junction_model,two_participating_incoming,7700000,4,production,true,true,true,,0,3,0,0,10,14,7,true,e859d8e14c2faf5369186babc06033c0039375fe79d4bca02842ef5825a32db7,state=(Some(4); Some(4); Some(4); Some(1))
39,junction_model,one_incoming_not_participating,7700000,4,reference,true,true,true,,0,2,0,0,7,10,7,true,ba096866a70974f3f58208a1dceab26432288447841ecfb25bda1d937e0c9aa7,state=(Some(4); Some(1); Some(4); Some(1))
39,junction_model,one_incoming_not_participating,7700000,4,production,true,true,true,,0,2,0,0,7,10,7,true,ba096866a70974f3f58208a1dceab26432288447841ecfb25bda1d937e0c9aa7,state=(Some(4); Some(1); Some(4); Some(1))
40,junction_model,nearby_unrelated_topology,7700000,4,reference,true,true,true,,0,2,0,0,9,13,7,true,bac6fca127cffc74ecb54095b52b4d71a90c784e00c1bec85bebc2885f60e944,state=(Some(4); Some(4); Some(1); Some(1))
40,junction_model,nearby_unrelated_topology,7700000,4,production,true,true,true,,0,2,0,0,9,13,7,true,bac6fca127cffc74ecb54095b52b4d71a90c784e00c1bec85bebc2885f60e944,state=(Some(4); Some(4); Some(1); Some(1))
41,junction_model,useful_two_link_relation,7700000,5,reference,true,true,true,,0,2,0,0,10,15,17,true,418533b4a6480e75d53b081f85adabd65fe313edfcd166c33eb81295f0b23580,model=topology_derived_persistence;cell=Some(1);incoming=Some(4);outgoing=Some(4);live10=(Some(true); true; true);fires=1->2
41,junction_model,useful_two_link_relation,7700000,5,production,true,true,true,,0,2,0,0,10,15,17,true,418533b4a6480e75d53b081f85adabd65fe313edfcd166c33eb81295f0b23580,model=topology_derived_persistence;cell=Some(1);incoming=Some(4);outgoing=Some(4);live10=(Some(true); true; true);fires=1->2
42,junction_model,unsupported_relation,7700000,5,reference,true,true,true,,0,0,1,2,3,3,15,true,a4ec8b72abeee094523bc11f6f874f1c0fd9486c45190e04987507d5d3794afc,state=(Some(false); false; false; Some(10))
42,junction_model,unsupported_relation,7700000,5,production,true,true,true,,0,0,1,2,3,3,15,true,a4ec8b72abeee094523bc11f6f874f1c0fd9486c45190e04987507d5d3794afc,state=(Some(false); false; false; Some(10))
43,junction_model,one_incident_arrow_survives,7700000,5,reference,true,true,true,,0,0,0,1,1,1,15,true,50c5374f39f64fa5a040f8e43195424f79f7d33ecd5c2d72ca00eb03169d9010,state=(Some(true); true; false)
43,junction_model,one_incident_arrow_survives,7700000,5,production,true,true,true,,0,0,0,1,1,1,15,true,50c5374f39f64fa5a040f8e43195424f79f7d33ecd5c2d72ca00eb03169d9010,state=(Some(true); true; false)
44,junction_model,all_incident_arrows_gone,7700000,5,reference,true,true,true,,0,0,1,2,3,3,15,true,a4ec8b72abeee094523bc11f6f874f1c0fd9486c45190e04987507d5d3794afc,death=Some(10)
44,junction_model,all_incident_arrows_gone,7700000,5,production,true,true,true,,0,0,1,2,3,3,15,true,a4ec8b72abeee094523bc11f6f874f1c0fd9486c45190e04987507d5d3794afc,death=Some(10)
45,junction_model,generation_safe_reuse,7700000,5,reference,true,true,true,,0,0,1,2,3,3,15,true,3e516bb95a2bd5ab584962642c27c8d06da5a886b02c8dbbdc5688c460f74804,old=CellRef { arena: ArenaId(7700000); id: CellId(1); generation: Generation(1) }/Some(CellSlot(1));new=CellRef { arena: ArenaId(7700000); id: CellId(4); generation: Generation(2) }/Some(CellSlot(1))
45,junction_model,generation_safe_reuse,7700000,5,production,true,true,true,,0,0,1,2,3,3,15,true,3e516bb95a2bd5ab584962642c27c8d06da5a886b02c8dbbdc5688c460f74804,old=CellRef { arena: ArenaId(7700000); id: CellId(1); generation: Generation(1) }/Some(CellSlot(1));new=CellRef { arena: ArenaId(7700000); id: CellId(4); generation: Generation(2) }/Some(CellSlot(1))
46,junction_model,two_participating_incoming,7700000,5,reference,true,true,true,,0,3,0,0,10,14,8,true,e859d8e14c2faf5369186babc06033c0039375fe79d4bca02842ef5825a32db7,state=(Some(4); Some(4); Some(4); Some(1))
46,junction_model,two_participating_incoming,7700000,5,production,true,true,true,,0,3,0,0,10,14,8,true,e859d8e14c2faf5369186babc06033c0039375fe79d4bca02842ef5825a32db7,state=(Some(4); Some(4); Some(4); Some(1))
47,junction_model,one_incoming_not_participating,7700000,5,reference,true,true,true,,0,2,0,0,7,10,8,true,ba096866a70974f3f58208a1dceab26432288447841ecfb25bda1d937e0c9aa7,state=(Some(4); Some(1); Some(4); Some(1))
47,junction_model,one_incoming_not_participating,7700000,5,production,true,true,true,,0,2,0,0,7,10,8,true,ba096866a70974f3f58208a1dceab26432288447841ecfb25bda1d937e0c9aa7,state=(Some(4); Some(1); Some(4); Some(1))
48,junction_model,nearby_unrelated_topology,7700000,5,reference,true,true,true,,0,2,0,0,9,13,8,true,bac6fca127cffc74ecb54095b52b4d71a90c784e00c1bec85bebc2885f60e944,state=(Some(4); Some(4); Some(1); Some(1))
48,junction_model,nearby_unrelated_topology,7700000,5,production,true,true,true,,0,2,0,0,9,13,8,true,bac6fca127cffc74ecb54095b52b4d71a90c784e00c1bec85bebc2885f60e944,state=(Some(4); Some(4); Some(1); Some(1))
49,junction_model,useful_two_link_relation,7700000,6,reference,true,true,true,,0,2,0,0,10,15,18,true,418533b4a6480e75d53b081f85adabd65fe313edfcd166c33eb81295f0b23580,model=topology_derived_persistence;cell=Some(1);incoming=Some(4);outgoing=Some(4);live10=(Some(true); true; true);fires=1->2
49,junction_model,useful_two_link_relation,7700000,6,production,true,true,true,,0,2,0,0,10,15,18,true,418533b4a6480e75d53b081f85adabd65fe313edfcd166c33eb81295f0b23580,model=topology_derived_persistence;cell=Some(1);incoming=Some(4);outgoing=Some(4);live10=(Some(true); true; true);fires=1->2
50,junction_model,unsupported_relation,7700000,6,reference,true,true,true,,0,0,1,2,3,3,16,true,a4ec8b72abeee094523bc11f6f874f1c0fd9486c45190e04987507d5d3794afc,state=(Some(false); false; false; Some(10))
50,junction_model,unsupported_relation,7700000,6,production,true,true,true,,0,0,1,2,3,3,16,true,a4ec8b72abeee094523bc11f6f874f1c0fd9486c45190e04987507d5d3794afc,state=(Some(false); false; false; Some(10))
51,junction_model,one_incident_arrow_survives,7700000,6,reference,true,true,true,,0,0,0,1,1,1,16,true,50c5374f39f64fa5a040f8e43195424f79f7d33ecd5c2d72ca00eb03169d9010,state=(Some(true); true; false)
51,junction_model,one_incident_arrow_survives,7700000,6,production,true,true,true,,0,0,0,1,1,1,16,true,50c5374f39f64fa5a040f8e43195424f79f7d33ecd5c2d72ca00eb03169d9010,state=(Some(true); true; false)
52,junction_model,all_incident_arrows_gone,7700000,6,reference,true,true,true,,0,0,1,2,3,3,16,true,a4ec8b72abeee094523bc11f6f874f1c0fd9486c45190e04987507d5d3794afc,death=Some(10)
52,junction_model,all_incident_arrows_gone,7700000,6,production,true,true,true,,0,0,1,2,3,3,16,true,a4ec8b72abeee094523bc11f6f874f1c0fd9486c45190e04987507d5d3794afc,death=Some(10)
53,junction_model,generation_safe_reuse,7700000,6,reference,true,true,true,,0,0,1,2,3,3,16,true,3e516bb95a2bd5ab584962642c27c8d06da5a886b02c8dbbdc5688c460f74804,old=CellRef { arena: ArenaId(7700000); id: CellId(1); generation: Generation(1) }/Some(CellSlot(1));new=CellRef { arena: ArenaId(7700000); id: CellId(4); generation: Generation(2) }/Some(CellSlot(1))
53,junction_model,generation_safe_reuse,7700000,6,production,true,true,true,,0,0,1,2,3,3,16,true,3e516bb95a2bd5ab584962642c27c8d06da5a886b02c8dbbdc5688c460f74804,old=CellRef { arena: ArenaId(7700000); id: CellId(1); generation: Generation(1) }/Some(CellSlot(1));new=CellRef { arena: ArenaId(7700000); id: CellId(4); generation: Generation(2) }/Some(CellSlot(1))
54,junction_model,two_participating_incoming,7700000,6,reference,true,true,true,,0,3,0,0,10,14,9,true,e859d8e14c2faf5369186babc06033c0039375fe79d4bca02842ef5825a32db7,state=(Some(4); Some(4); Some(4); Some(1))
54,junction_model,two_participating_incoming,7700000,6,production,true,true,true,,0,3,0,0,10,14,9,true,e859d8e14c2faf5369186babc06033c0039375fe79d4bca02842ef5825a32db7,state=(Some(4); Some(4); Some(4); Some(1))
55,junction_model,one_incoming_not_participating,7700000,6,reference,true,true,true,,0,2,0,0,7,10,9,true,ba096866a70974f3f58208a1dceab26432288447841ecfb25bda1d937e0c9aa7,state=(Some(4); Some(1); Some(4); Some(1))
55,junction_model,one_incoming_not_participating,7700000,6,production,true,true,true,,0,2,0,0,7,10,9,true,ba096866a70974f3f58208a1dceab26432288447841ecfb25bda1d937e0c9aa7,state=(Some(4); Some(1); Some(4); Some(1))
56,junction_model,nearby_unrelated_topology,7700000,6,reference,true,true,true,,0,2,0,0,9,13,9,true,bac6fca127cffc74ecb54095b52b4d71a90c784e00c1bec85bebc2885f60e944,state=(Some(4); Some(4); Some(1); Some(1))
56,junction_model,nearby_unrelated_topology,7700000,6,production,true,true,true,,0,2,0,0,9,13,9,true,bac6fca127cffc74ecb54095b52b4d71a90c784e00c1bec85bebc2885f60e944,state=(Some(4); Some(4); Some(1); Some(1))
57,junction_model,useful_two_link_relation,7700000,7,reference,true,true,true,,0,2,0,0,10,15,19,true,418533b4a6480e75d53b081f85adabd65fe313edfcd166c33eb81295f0b23580,model=topology_derived_persistence;cell=Some(1);incoming=Some(4);outgoing=Some(4);live10=(Some(true); true; true);fires=1->2
57,junction_model,useful_two_link_relation,7700000,7,production,true,true,true,,0,2,0,0,10,15,19,true,418533b4a6480e75d53b081f85adabd65fe313edfcd166c33eb81295f0b23580,model=topology_derived_persistence;cell=Some(1);incoming=Some(4);outgoing=Some(4);live10=(Some(true); true; true);fires=1->2
58,junction_model,unsupported_relation,7700000,7,reference,true,true,true,,0,0,1,2,3,3,17,true,a4ec8b72abeee094523bc11f6f874f1c0fd9486c45190e04987507d5d3794afc,state=(Some(false); false; false; Some(10))
58,junction_model,unsupported_relation,7700000,7,production,true,true,true,,0,0,1,2,3,3,17,true,a4ec8b72abeee094523bc11f6f874f1c0fd9486c45190e04987507d5d3794afc,state=(Some(false); false; false; Some(10))
59,junction_model,one_incident_arrow_survives,7700000,7,reference,true,true,true,,0,0,0,1,1,1,17,true,50c5374f39f64fa5a040f8e43195424f79f7d33ecd5c2d72ca00eb03169d9010,state=(Some(true); true; false)
59,junction_model,one_incident_arrow_survives,7700000,7,production,true,true,true,,0,0,0,1,1,1,17,true,50c5374f39f64fa5a040f8e43195424f79f7d33ecd5c2d72ca00eb03169d9010,state=(Some(true); true; false)
60,junction_model,all_incident_arrows_gone,7700000,7,reference,true,true,true,,0,0,1,2,3,3,17,true,a4ec8b72abeee094523bc11f6f874f1c0fd9486c45190e04987507d5d3794afc,death=Some(10)
60,junction_model,all_incident_arrows_gone,7700000,7,production,true,true,true,,0,0,1,2,3,3,17,true,a4ec8b72abeee094523bc11f6f874f1c0fd9486c45190e04987507d5d3794afc,death=Some(10)
61,junction_model,generation_safe_reuse,7700000,7,reference,true,true,true,,0,0,1,2,3,3,17,true,3e516bb95a2bd5ab584962642c27c8d06da5a886b02c8dbbdc5688c460f74804,old=CellRef { arena: ArenaId(7700000); id: CellId(1); generation: Generation(1) }/Some(CellSlot(1));new=CellRef { arena: ArenaId(7700000); id: CellId(4); generation: Generation(2) }/Some(CellSlot(1))
61,junction_model,generation_safe_reuse,7700000,7,production,true,true,true,,0,0,1,2,3,3,17,true,3e516bb95a2bd5ab584962642c27c8d06da5a886b02c8dbbdc5688c460f74804,old=CellRef { arena: ArenaId(7700000); id: CellId(1); generation: Generation(1) }/Some(CellSlot(1));new=CellRef { arena: ArenaId(7700000); id: CellId(4); generation: Generation(2) }/Some(CellSlot(1))
62,junction_model,two_participating_incoming,7700000,7,reference,true,true,true,,0,3,0,0,10,14,10,true,e859d8e14c2faf5369186babc06033c0039375fe79d4bca02842ef5825a32db7,state=(Some(4); Some(4); Some(4); Some(1))
62,junction_model,two_participating_incoming,7700000,7,production,true,true,true,,0,3,0,0,10,14,10,true,e859d8e14c2faf5369186babc06033c0039375fe79d4bca02842ef5825a32db7,state=(Some(4); Some(4); Some(4); Some(1))
63,junction_model,one_incoming_not_participating,7700000,7,reference,true,true,true,,0,2,0,0,7,10,10,true,ba096866a70974f3f58208a1dceab26432288447841ecfb25bda1d937e0c9aa7,state=(Some(4); Some(1); Some(4); Some(1))
63,junction_model,one_incoming_not_participating,7700000,7,production,true,true,true,,0,2,0,0,7,10,10,true,ba096866a70974f3f58208a1dceab26432288447841ecfb25bda1d937e0c9aa7,state=(Some(4); Some(1); Some(4); Some(1))
64,junction_model,nearby_unrelated_topology,7700000,7,reference,true,true,true,,0,2,0,0,9,13,10,true,bac6fca127cffc74ecb54095b52b4d71a90c784e00c1bec85bebc2885f60e944,state=(Some(4); Some(4); Some(1); Some(1))
64,junction_model,nearby_unrelated_topology,7700000,7,production,true,true,true,,0,2,0,0,9,13,10,true,bac6fca127cffc74ecb54095b52b4d71a90c784e00c1bec85bebc2885f60e944,state=(Some(4); Some(4); Some(1); Some(1))
65,junction_model,useful_two_link_relation,7700000,8,reference,true,true,true,,0,2,0,0,10,15,20,true,418533b4a6480e75d53b081f85adabd65fe313edfcd166c33eb81295f0b23580,model=topology_derived_persistence;cell=Some(1);incoming=Some(4);outgoing=Some(4);live10=(Some(true); true; true);fires=1->2
65,junction_model,useful_two_link_relation,7700000,8,production,true,true,true,,0,2,0,0,10,15,20,true,418533b4a6480e75d53b081f85adabd65fe313edfcd166c33eb81295f0b23580,model=topology_derived_persistence;cell=Some(1);incoming=Some(4);outgoing=Some(4);live10=(Some(true); true; true);fires=1->2
66,junction_model,unsupported_relation,7700000,8,reference,true,true,true,,0,0,1,2,3,3,18,true,a4ec8b72abeee094523bc11f6f874f1c0fd9486c45190e04987507d5d3794afc,state=(Some(false); false; false; Some(10))
66,junction_model,unsupported_relation,7700000,8,production,true,true,true,,0,0,1,2,3,3,18,true,a4ec8b72abeee094523bc11f6f874f1c0fd9486c45190e04987507d5d3794afc,state=(Some(false); false; false; Some(10))
67,junction_model,one_incident_arrow_survives,7700000,8,reference,true,true,true,,0,0,0,1,1,1,18,true,50c5374f39f64fa5a040f8e43195424f79f7d33ecd5c2d72ca00eb03169d9010,state=(Some(true); true; false)
67,junction_model,one_incident_arrow_survives,7700000,8,production,true,true,true,,0,0,0,1,1,1,18,true,50c5374f39f64fa5a040f8e43195424f79f7d33ecd5c2d72ca00eb03169d9010,state=(Some(true); true; false)
68,junction_model,all_incident_arrows_gone,7700000,8,reference,true,true,true,,0,0,1,2,3,3,18,true,a4ec8b72abeee094523bc11f6f874f1c0fd9486c45190e04987507d5d3794afc,death=Some(10)
68,junction_model,all_incident_arrows_gone,7700000,8,production,true,true,true,,0,0,1,2,3,3,18,true,a4ec8b72abeee094523bc11f6f874f1c0fd9486c45190e04987507d5d3794afc,death=Some(10)
69,junction_model,generation_safe_reuse,7700000,8,reference,true,true,true,,0,0,1,2,3,3,18,true,3e516bb95a2bd5ab584962642c27c8d06da5a886b02c8dbbdc5688c460f74804,old=CellRef { arena: ArenaId(7700000); id: CellId(1); generation: Generation(1) }/Some(CellSlot(1));new=CellRef { arena: ArenaId(7700000); id: CellId(4); generation: Generation(2) }/Some(CellSlot(1))
69,junction_model,generation_safe_reuse,7700000,8,production,true,true,true,,0,0,1,2,3,3,18,true,3e516bb95a2bd5ab584962642c27c8d06da5a886b02c8dbbdc5688c460f74804,old=CellRef { arena: ArenaId(7700000); id: CellId(1); generation: Generation(1) }/Some(CellSlot(1));new=CellRef { arena: ArenaId(7700000); id: CellId(4); generation: Generation(2) }/Some(CellSlot(1))
70,junction_model,two_participating_incoming,7700000,8,reference,true,true,true,,0,3,0,0,10,14,11,true,e859d8e14c2faf5369186babc06033c0039375fe79d4bca02842ef5825a32db7,state=(Some(4); Some(4); Some(4); Some(1))
70,junction_model,two_participating_incoming,7700000,8,production,true,true,true,,0,3,0,0,10,14,11,true,e859d8e14c2faf5369186babc06033c0039375fe79d4bca02842ef5825a32db7,state=(Some(4); Some(4); Some(4); Some(1))
71,junction_model,one_incoming_not_participating,7700000,8,reference,true,true,true,,0,2,0,0,7,10,11,true,ba096866a70974f3f58208a1dceab26432288447841ecfb25bda1d937e0c9aa7,state=(Some(4); Some(1); Some(4); Some(1))
71,junction_model,one_incoming_not_participating,7700000,8,production,true,true,true,,0,2,0,0,7,10,11,true,ba096866a70974f3f58208a1dceab26432288447841ecfb25bda1d937e0c9aa7,state=(Some(4); Some(1); Some(4); Some(1))
72,junction_model,nearby_unrelated_topology,7700000,8,reference,true,true,true,,0,2,0,0,9,13,11,true,bac6fca127cffc74ecb54095b52b4d71a90c784e00c1bec85bebc2885f60e944,state=(Some(4); Some(4); Some(1); Some(1))
72,junction_model,nearby_unrelated_topology,7700000,8,production,true,true,true,,0,2,0,0,9,13,11,true,bac6fca127cffc74ecb54095b52b4d71a90c784e00c1bec85bebc2885f60e944,state=(Some(4); Some(4); Some(1); Some(1))
73,junction_model,useful_two_link_relation,7700000,9,reference,true,true,true,,0,2,0,0,10,15,21,true,418533b4a6480e75d53b081f85adabd65fe313edfcd166c33eb81295f0b23580,model=topology_derived_persistence;cell=Some(1);incoming=Some(4);outgoing=Some(4);live10=(Some(true); true; true);fires=1->2
73,junction_model,useful_two_link_relation,7700000,9,production,true,true,true,,0,2,0,0,10,15,21,true,418533b4a6480e75d53b081f85adabd65fe313edfcd166c33eb81295f0b23580,model=topology_derived_persistence;cell=Some(1);incoming=Some(4);outgoing=Some(4);live10=(Some(true); true; true);fires=1->2
74,junction_model,unsupported_relation,7700000,9,reference,true,true,true,,0,0,1,2,3,3,19,true,a4ec8b72abeee094523bc11f6f874f1c0fd9486c45190e04987507d5d3794afc,state=(Some(false); false; false; Some(10))
74,junction_model,unsupported_relation,7700000,9,production,true,true,true,,0,0,1,2,3,3,19,true,a4ec8b72abeee094523bc11f6f874f1c0fd9486c45190e04987507d5d3794afc,state=(Some(false); false; false; Some(10))
75,junction_model,one_incident_arrow_survives,7700000,9,reference,true,true,true,,0,0,0,1,1,1,19,true,50c5374f39f64fa5a040f8e43195424f79f7d33ecd5c2d72ca00eb03169d9010,state=(Some(true); true; false)
75,junction_model,one_incident_arrow_survives,7700000,9,production,true,true,true,,0,0,0,1,1,1,19,true,50c5374f39f64fa5a040f8e43195424f79f7d33ecd5c2d72ca00eb03169d9010,state=(Some(true); true; false)
76,junction_model,all_incident_arrows_gone,7700000,9,reference,true,true,true,,0,0,1,2,3,3,19,true,a4ec8b72abeee094523bc11f6f874f1c0fd9486c45190e04987507d5d3794afc,death=Some(10)
76,junction_model,all_incident_arrows_gone,7700000,9,production,true,true,true,,0,0,1,2,3,3,19,true,a4ec8b72abeee094523bc11f6f874f1c0fd9486c45190e04987507d5d3794afc,death=Some(10)
77,junction_model,generation_safe_reuse,7700000,9,reference,true,true,true,,0,0,1,2,3,3,19,true,3e516bb95a2bd5ab584962642c27c8d06da5a886b02c8dbbdc5688c460f74804,old=CellRef { arena: ArenaId(7700000); id: CellId(1); generation: Generation(1) }/Some(CellSlot(1));new=CellRef { arena: ArenaId(7700000); id: CellId(4); generation: Generation(2) }/Some(CellSlot(1))
77,junction_model,generation_safe_reuse,7700000,9,production,true,true,true,,0,0,1,2,3,3,19,true,3e516bb95a2bd5ab584962642c27c8d06da5a886b02c8dbbdc5688c460f74804,old=CellRef { arena: ArenaId(7700000); id: CellId(1); generation: Generation(1) }/Some(CellSlot(1));new=CellRef { arena: ArenaId(7700000); id: CellId(4); generation: Generation(2) }/Some(CellSlot(1))
78,junction_model,two_participating_incoming,7700000,9,reference,true,true,true,,0,3,0,0,10,14,12,true,e859d8e14c2faf5369186babc06033c0039375fe79d4bca02842ef5825a32db7,state=(Some(4); Some(4); Some(4); Some(1))
78,junction_model,two_participating_incoming,7700000,9,production,true,true,true,,0,3,0,0,10,14,12,true,e859d8e14c2faf5369186babc06033c0039375fe79d4bca02842ef5825a32db7,state=(Some(4); Some(4); Some(4); Some(1))
79,junction_model,one_incoming_not_participating,7700000,9,reference,true,true,true,,0,2,0,0,7,10,12,true,ba096866a70974f3f58208a1dceab26432288447841ecfb25bda1d937e0c9aa7,state=(Some(4); Some(1); Some(4); Some(1))
79,junction_model,one_incoming_not_participating,7700000,9,production,true,true,true,,0,2,0,0,7,10,12,true,ba096866a70974f3f58208a1dceab26432288447841ecfb25bda1d937e0c9aa7,state=(Some(4); Some(1); Some(4); Some(1))
80,junction_model,nearby_unrelated_topology,7700000,9,reference,true,true,true,,0,2,0,0,9,13,12,true,bac6fca127cffc74ecb54095b52b4d71a90c784e00c1bec85bebc2885f60e944,state=(Some(4); Some(4); Some(1); Some(1))
80,junction_model,nearby_unrelated_topology,7700000,9,production,true,true,true,,0,2,0,0,9,13,12,true,bac6fca127cffc74ecb54095b52b4d71a90c784e00c1bec85bebc2885f60e944,state=(Some(4); Some(4); Some(1); Some(1))
81,junction_model,useful_two_link_relation,7800001,0,reference,true,true,true,,0,2,0,0,10,15,12,true,acde3b512f5c031e78b23f021bccde5512886bac86eeaf319d2697b9a75d9991,model=topology_derived_persistence;cell=Some(1);incoming=Some(4);outgoing=Some(4);live10=(Some(true); true; true);fires=1->2
81,junction_model,useful_two_link_relation,7800001,0,production,true,true,true,,0,2,0,0,10,15,12,true,acde3b512f5c031e78b23f021bccde5512886bac86eeaf319d2697b9a75d9991,model=topology_derived_persistence;cell=Some(1);incoming=Some(4);outgoing=Some(4);live10=(Some(true); true; true);fires=1->2
82,junction_model,unsupported_relation,7800001,0,reference,true,true,true,,0,0,1,2,3,3,10,true,58f6598b093b75b04b29b7319806a7528f3c609674d4314cd8ad3ca1aa0f08b5,state=(Some(false); false; false; Some(10))
82,junction_model,unsupported_relation,7800001,0,production,true,true,true,,0,0,1,2,3,3,10,true,58f6598b093b75b04b29b7319806a7528f3c609674d4314cd8ad3ca1aa0f08b5,state=(Some(false); false; false; Some(10))
83,junction_model,one_incident_arrow_survives,7800001,0,reference,true,true,true,,0,0,0,1,1,1,10,true,c8304512066ca8e263e56afcca3b7ce3b9d0a683e32599e11290dcb067f239d5,state=(Some(true); true; false)
83,junction_model,one_incident_arrow_survives,7800001,0,production,true,true,true,,0,0,0,1,1,1,10,true,c8304512066ca8e263e56afcca3b7ce3b9d0a683e32599e11290dcb067f239d5,state=(Some(true); true; false)
84,junction_model,all_incident_arrows_gone,7800001,0,reference,true,true,true,,0,0,1,2,3,3,10,true,58f6598b093b75b04b29b7319806a7528f3c609674d4314cd8ad3ca1aa0f08b5,death=Some(10)
84,junction_model,all_incident_arrows_gone,7800001,0,production,true,true,true,,0,0,1,2,3,3,10,true,58f6598b093b75b04b29b7319806a7528f3c609674d4314cd8ad3ca1aa0f08b5,death=Some(10)
85,junction_model,generation_safe_reuse,7800001,0,reference,true,true,true,,0,0,1,2,3,3,10,true,88d2d9264417c8bbb9008c45f750b60c83d917e3f2b74b5b1f53674a5a71259c,old=CellRef { arena: ArenaId(7800001); id: CellId(1); generation: Generation(1) }/Some(CellSlot(1));new=CellRef { arena: ArenaId(7800001); id: CellId(4); generation: Generation(2) }/Some(CellSlot(1))
85,junction_model,generation_safe_reuse,7800001,0,production,true,true,true,,0,0,1,2,3,3,10,true,88d2d9264417c8bbb9008c45f750b60c83d917e3f2b74b5b1f53674a5a71259c,old=CellRef { arena: ArenaId(7800001); id: CellId(1); generation: Generation(1) }/Some(CellSlot(1));new=CellRef { arena: ArenaId(7800001); id: CellId(4); generation: Generation(2) }/Some(CellSlot(1))
86,junction_model,two_participating_incoming,7800001,0,reference,true,true,true,,0,3,0,0,10,14,3,true,09708a02caba52c4a9dc83ac5589447daa48dfac7ae77a869c64c2710f652ae0,state=(Some(4); Some(4); Some(4); Some(1))
86,junction_model,two_participating_incoming,7800001,0,production,true,true,true,,0,3,0,0,10,14,3,true,09708a02caba52c4a9dc83ac5589447daa48dfac7ae77a869c64c2710f652ae0,state=(Some(4); Some(4); Some(4); Some(1))
87,junction_model,one_incoming_not_participating,7800001,0,reference,true,true,true,,0,2,0,0,7,10,3,true,03d21f71a97ca3cc2d18ac726c9975c06da7e87956c1fda4be04f6302f36f5f3,state=(Some(4); Some(1); Some(4); Some(1))
87,junction_model,one_incoming_not_participating,7800001,0,production,true,true,true,,0,2,0,0,7,10,3,true,03d21f71a97ca3cc2d18ac726c9975c06da7e87956c1fda4be04f6302f36f5f3,state=(Some(4); Some(1); Some(4); Some(1))
88,junction_model,nearby_unrelated_topology,7800001,0,reference,true,true,true,,0,2,0,0,9,13,3,true,76dcc69bbf93a71ea53c7c412f1c8e059ccd782e6c000c4a70000406c3f8a8ac,state=(Some(4); Some(4); Some(1); Some(1))
88,junction_model,nearby_unrelated_topology,7800001,0,production,true,true,true,,0,2,0,0,9,13,3,true,76dcc69bbf93a71ea53c7c412f1c8e059ccd782e6c000c4a70000406c3f8a8ac,state=(Some(4); Some(4); Some(1); Some(1))
89,junction_model,useful_two_link_relation,7800001,1,reference,true,true,true,,0,2,0,0,10,15,13,true,acde3b512f5c031e78b23f021bccde5512886bac86eeaf319d2697b9a75d9991,model=topology_derived_persistence;cell=Some(1);incoming=Some(4);outgoing=Some(4);live10=(Some(true); true; true);fires=1->2
89,junction_model,useful_two_link_relation,7800001,1,production,true,true,true,,0,2,0,0,10,15,13,true,acde3b512f5c031e78b23f021bccde5512886bac86eeaf319d2697b9a75d9991,model=topology_derived_persistence;cell=Some(1);incoming=Some(4);outgoing=Some(4);live10=(Some(true); true; true);fires=1->2
90,junction_model,unsupported_relation,7800001,1,reference,true,true,true,,0,0,1,2,3,3,11,true,58f6598b093b75b04b29b7319806a7528f3c609674d4314cd8ad3ca1aa0f08b5,state=(Some(false); false; false; Some(10))
90,junction_model,unsupported_relation,7800001,1,production,true,true,true,,0,0,1,2,3,3,11,true,58f6598b093b75b04b29b7319806a7528f3c609674d4314cd8ad3ca1aa0f08b5,state=(Some(false); false; false; Some(10))
91,junction_model,one_incident_arrow_survives,7800001,1,reference,true,true,true,,0,0,0,1,1,1,11,true,c8304512066ca8e263e56afcca3b7ce3b9d0a683e32599e11290dcb067f239d5,state=(Some(true); true; false)
91,junction_model,one_incident_arrow_survives,7800001,1,production,true,true,true,,0,0,0,1,1,1,11,true,c8304512066ca8e263e56afcca3b7ce3b9d0a683e32599e11290dcb067f239d5,state=(Some(true); true; false)
92,junction_model,all_incident_arrows_gone,7800001,1,reference,true,true,true,,0,0,1,2,3,3,11,true,58f6598b093b75b04b29b7319806a7528f3c609674d4314cd8ad3ca1aa0f08b5,death=Some(10)
92,junction_model,all_incident_arrows_gone,7800001,1,production,true,true,true,,0,0,1,2,3,3,11,true,58f6598b093b75b04b29b7319806a7528f3c609674d4314cd8ad3ca1aa0f08b5,death=Some(10)
93,junction_model,generation_safe_reuse,7800001,1,reference,true,true,true,,0,0,1,2,3,3,11,true,88d2d9264417c8bbb9008c45f750b60c83d917e3f2b74b5b1f53674a5a71259c,old=CellRef { arena: ArenaId(7800001); id: CellId(1); generation: Generation(1) }/Some(CellSlot(1));new=CellRef { arena: ArenaId(7800001); id: CellId(4); generation: Generation(2) }/Some(CellSlot(1))
93,junction_model,generation_safe_reuse,7800001,1,production,true,true,true,,0,0,1,2,3,3,11,true,88d2d9264417c8bbb9008c45f750b60c83d917e3f2b74b5b1f53674a5a71259c,old=CellRef { arena: ArenaId(7800001); id: CellId(1); generation: Generation(1) }/Some(CellSlot(1));new=CellRef { arena: ArenaId(7800001); id: CellId(4); generation: Generation(2) }/Some(CellSlot(1))
94,junction_model,two_participating_incoming,7800001,1,reference,true,true,true,,0,3,0,0,10,14,4,true,09708a02caba52c4a9dc83ac5589447daa48dfac7ae77a869c64c2710f652ae0,state=(Some(4); Some(4); Some(4); Some(1))
94,junction_model,two_participating_incoming,7800001,1,production,true,true,true,,0,3,0,0,10,14,4,true,09708a02caba52c4a9dc83ac5589447daa48dfac7ae77a869c64c2710f652ae0,state=(Some(4); Some(4); Some(4); Some(1))
95,junction_model,one_incoming_not_participating,7800001,1,reference,true,true,true,,0,2,0,0,7,10,4,true,03d21f71a97ca3cc2d18ac726c9975c06da7e87956c1fda4be04f6302f36f5f3,state=(Some(4); Some(1); Some(4); Some(1))
95,junction_model,one_incoming_not_participating,7800001,1,production,true,true,true,,0,2,0,0,7,10,4,true,03d21f71a97ca3cc2d18ac726c9975c06da7e87956c1fda4be04f6302f36f5f3,state=(Some(4); Some(1); Some(4); Some(1))
96,junction_model,nearby_unrelated_topology,7800001,1,reference,true,true,true,,0,2,0,0,9,13,4,true,76dcc69bbf93a71ea53c7c412f1c8e059ccd782e6c000c4a70000406c3f8a8ac,state=(Some(4); Some(4); Some(1); Some(1))
96,junction_model,nearby_unrelated_topology,7800001,1,production,true,true,true,,0,2,0,0,9,13,4,true,76dcc69bbf93a71ea53c7c412f1c8e059ccd782e6c000c4a70000406c3f8a8ac,state=(Some(4); Some(4); Some(1); Some(1))
97,junction_model,useful_two_link_relation,7800001,2,reference,true,true,true,,0,2,0,0,10,15,14,true,acde3b512f5c031e78b23f021bccde5512886bac86eeaf319d2697b9a75d9991,model=topology_derived_persistence;cell=Some(1);incoming=Some(4);outgoing=Some(4);live10=(Some(true); true; true);fires=1->2
97,junction_model,useful_two_link_relation,7800001,2,production,true,true,true,,0,2,0,0,10,15,14,true,acde3b512f5c031e78b23f021bccde5512886bac86eeaf319d2697b9a75d9991,model=topology_derived_persistence;cell=Some(1);incoming=Some(4);outgoing=Some(4);live10=(Some(true); true; true);fires=1->2
98,junction_model,unsupported_relation,7800001,2,reference,true,true,true,,0,0,1,2,3,3,12,true,58f6598b093b75b04b29b7319806a7528f3c609674d4314cd8ad3ca1aa0f08b5,state=(Some(false); false; false; Some(10))
98,junction_model,unsupported_relation,7800001,2,production,true,true,true,,0,0,1,2,3,3,12,true,58f6598b093b75b04b29b7319806a7528f3c609674d4314cd8ad3ca1aa0f08b5,state=(Some(false); false; false; Some(10))
99,junction_model,one_incident_arrow_survives,7800001,2,reference,true,true,true,,0,0,0,1,1,1,12,true,c8304512066ca8e263e56afcca3b7ce3b9d0a683e32599e11290dcb067f239d5,state=(Some(true); true; false)
99,junction_model,one_incident_arrow_survives,7800001,2,production,true,true,true,,0,0,0,1,1,1,12,true,c8304512066ca8e263e56afcca3b7ce3b9d0a683e32599e11290dcb067f239d5,state=(Some(true); true; false)
100,junction_model,all_incident_arrows_gone,7800001,2,reference,true,true,true,,0,0,1,2,3,3,12,true,58f6598b093b75b04b29b7319806a7528f3c609674d4314cd8ad3ca1aa0f08b5,death=Some(10)
100,junction_model,all_incident_arrows_gone,7800001,2,production,true,true,true,,0,0,1,2,3,3,12,true,58f6598b093b75b04b29b7319806a7528f3c609674d4314cd8ad3ca1aa0f08b5,death=Some(10)
101,junction_model,generation_safe_reuse,7800001,2,reference,true,true,true,,0,0,1,2,3,3,12,true,88d2d9264417c8bbb9008c45f750b60c83d917e3f2b74b5b1f53674a5a71259c,old=CellRef { arena: ArenaId(7800001); id: CellId(1); generation: Generation(1) }/Some(CellSlot(1));new=CellRef { arena: ArenaId(7800001); id: CellId(4); generation: Generation(2) }/Some(CellSlot(1))
101,junction_model,generation_safe_reuse,7800001,2,production,true,true,true,,0,0,1,2,3,3,12,true,88d2d9264417c8bbb9008c45f750b60c83d917e3f2b74b5b1f53674a5a71259c,old=CellRef { arena: ArenaId(7800001); id: CellId(1); generation: Generation(1) }/Some(CellSlot(1));new=CellRef { arena: ArenaId(7800001); id: CellId(4); generation: Generation(2) }/Some(CellSlot(1))
102,junction_model,two_participating_incoming,7800001,2,reference,true,true,true,,0,3,0,0,10,14,5,true,09708a02caba52c4a9dc83ac5589447daa48dfac7ae77a869c64c2710f652ae0,state=(Some(4); Some(4); Some(4); Some(1))
102,junction_model,two_participating_incoming,7800001,2,production,true,true,true,,0,3,0,0,10,14,5,true,09708a02caba52c4a9dc83ac5589447daa48dfac7ae77a869c64c2710f652ae0,state=(Some(4); Some(4); Some(4); Some(1))
103,junction_model,one_incoming_not_participating,7800001,2,reference,true,true,true,,0,2,0,0,7,10,5,true,03d21f71a97ca3cc2d18ac726c9975c06da7e87956c1fda4be04f6302f36f5f3,state=(Some(4); Some(1); Some(4); Some(1))
103,junction_model,one_incoming_not_participating,7800001,2,production,true,true,true,,0,2,0,0,7,10,5,true,03d21f71a97ca3cc2d18ac726c9975c06da7e87956c1fda4be04f6302f36f5f3,state=(Some(4); Some(1); Some(4); Some(1))
104,junction_model,nearby_unrelated_topology,7800001,2,reference,true,true,true,,0,2,0,0,9,13,5,true,76dcc69bbf93a71ea53c7c412f1c8e059ccd782e6c000c4a70000406c3f8a8ac,state=(Some(4); Some(4); Some(1); Some(1))
104,junction_model,nearby_unrelated_topology,7800001,2,production,true,true,true,,0,2,0,0,9,13,5,true,76dcc69bbf93a71ea53c7c412f1c8e059ccd782e6c000c4a70000406c3f8a8ac,state=(Some(4); Some(4); Some(1); Some(1))
105,junction_model,useful_two_link_relation,7800001,3,reference,true,true,true,,0,2,0,0,10,15,15,true,acde3b512f5c031e78b23f021bccde5512886bac86eeaf319d2697b9a75d9991,model=topology_derived_persistence;cell=Some(1);incoming=Some(4);outgoing=Some(4);live10=(Some(true); true; true);fires=1->2
105,junction_model,useful_two_link_relation,7800001,3,production,true,true,true,,0,2,0,0,10,15,15,true,acde3b512f5c031e78b23f021bccde5512886bac86eeaf319d2697b9a75d9991,model=topology_derived_persistence;cell=Some(1);incoming=Some(4);outgoing=Some(4);live10=(Some(true); true; true);fires=1->2
106,junction_model,unsupported_relation,7800001,3,reference,true,true,true,,0,0,1,2,3,3,13,true,58f6598b093b75b04b29b7319806a7528f3c609674d4314cd8ad3ca1aa0f08b5,state=(Some(false); false; false; Some(10))
106,junction_model,unsupported_relation,7800001,3,production,true,true,true,,0,0,1,2,3,3,13,true,58f6598b093b75b04b29b7319806a7528f3c609674d4314cd8ad3ca1aa0f08b5,state=(Some(false); false; false; Some(10))
107,junction_model,one_incident_arrow_survives,7800001,3,reference,true,true,true,,0,0,0,1,1,1,13,true,c8304512066ca8e263e56afcca3b7ce3b9d0a683e32599e11290dcb067f239d5,state=(Some(true); true; false)
107,junction_model,one_incident_arrow_survives,7800001,3,production,true,true,true,,0,0,0,1,1,1,13,true,c8304512066ca8e263e56afcca3b7ce3b9d0a683e32599e11290dcb067f239d5,state=(Some(true); true; false)
108,junction_model,all_incident_arrows_gone,7800001,3,reference,true,true,true,,0,0,1,2,3,3,13,true,58f6598b093b75b04b29b7319806a7528f3c609674d4314cd8ad3ca1aa0f08b5,death=Some(10)
108,junction_model,all_incident_arrows_gone,7800001,3,production,true,true,true,,0,0,1,2,3,3,13,true,58f6598b093b75b04b29b7319806a7528f3c609674d4314cd8ad3ca1aa0f08b5,death=Some(10)
109,junction_model,generation_safe_reuse,7800001,3,reference,true,true,true,,0,0,1,2,3,3,13,true,88d2d9264417c8bbb9008c45f750b60c83d917e3f2b74b5b1f53674a5a71259c,old=CellRef { arena: ArenaId(7800001); id: CellId(1); generation: Generation(1) }/Some(CellSlot(1));new=CellRef { arena: ArenaId(7800001); id: CellId(4); generation: Generation(2) }/Some(CellSlot(1))
109,junction_model,generation_safe_reuse,7800001,3,production,true,true,true,,0,0,1,2,3,3,13,true,88d2d9264417c8bbb9008c45f750b60c83d917e3f2b74b5b1f53674a5a71259c,old=CellRef { arena: ArenaId(7800001); id: CellId(1); generation: Generation(1) }/Some(CellSlot(1));new=CellRef { arena: ArenaId(7800001); id: CellId(4); generation: Generation(2) }/Some(CellSlot(1))
110,junction_model,two_participating_incoming,7800001,3,reference,true,true,true,,0,3,0,0,10,14,6,true,09708a02caba52c4a9dc83ac5589447daa48dfac7ae77a869c64c2710f652ae0,state=(Some(4); Some(4); Some(4); Some(1))
110,junction_model,two_participating_incoming,7800001,3,production,true,true,true,,0,3,0,0,10,14,6,true,09708a02caba52c4a9dc83ac5589447daa48dfac7ae77a869c64c2710f652ae0,state=(Some(4); Some(4); Some(4); Some(1))
111,junction_model,one_incoming_not_participating,7800001,3,reference,true,true,true,,0,2,0,0,7,10,6,true,03d21f71a97ca3cc2d18ac726c9975c06da7e87956c1fda4be04f6302f36f5f3,state=(Some(4); Some(1); Some(4); Some(1))
111,junction_model,one_incoming_not_participating,7800001,3,production,true,true,true,,0,2,0,0,7,10,6,true,03d21f71a97ca3cc2d18ac726c9975c06da7e87956c1fda4be04f6302f36f5f3,state=(Some(4); Some(1); Some(4); Some(1))
112,junction_model,nearby_unrelated_topology,7800001,3,reference,true,true,true,,0,2,0,0,9,13,6,true,76dcc69bbf93a71ea53c7c412f1c8e059ccd782e6c000c4a70000406c3f8a8ac,state=(Some(4); Some(4); Some(1); Some(1))
112,junction_model,nearby_unrelated_topology,7800001,3,production,true,true,true,,0,2,0,0,9,13,6,true,76dcc69bbf93a71ea53c7c412f1c8e059ccd782e6c000c4a70000406c3f8a8ac,state=(Some(4); Some(4); Some(1); Some(1))
113,junction_model,useful_two_link_relation,7800001,4,reference,true,true,true,,0,2,0,0,10,15,16,true,acde3b512f5c031e78b23f021bccde5512886bac86eeaf319d2697b9a75d9991,model=topology_derived_persistence;cell=Some(1);incoming=Some(4);outgoing=Some(4);live10=(Some(true); true; true);fires=1->2
113,junction_model,useful_two_link_relation,7800001,4,production,true,true,true,,0,2,0,0,10,15,16,true,acde3b512f5c031e78b23f021bccde5512886bac86eeaf319d2697b9a75d9991,model=topology_derived_persistence;cell=Some(1);incoming=Some(4);outgoing=Some(4);live10=(Some(true); true; true);fires=1->2
114,junction_model,unsupported_relation,7800001,4,reference,true,true,true,,0,0,1,2,3,3,14,true,58f6598b093b75b04b29b7319806a7528f3c609674d4314cd8ad3ca1aa0f08b5,state=(Some(false); false; false; Some(10))
114,junction_model,unsupported_relation,7800001,4,production,true,true,true,,0,0,1,2,3,3,14,true,58f6598b093b75b04b29b7319806a7528f3c609674d4314cd8ad3ca1aa0f08b5,state=(Some(false); false; false; Some(10))
115,junction_model,one_incident_arrow_survives,7800001,4,reference,true,true,true,,0,0,0,1,1,1,14,true,c8304512066ca8e263e56afcca3b7ce3b9d0a683e32599e11290dcb067f239d5,state=(Some(true); true; false)
115,junction_model,one_incident_arrow_survives,7800001,4,production,true,true,true,,0,0,0,1,1,1,14,true,c8304512066ca8e263e56afcca3b7ce3b9d0a683e32599e11290dcb067f239d5,state=(Some(true); true; false)
116,junction_model,all_incident_arrows_gone,7800001,4,reference,true,true,true,,0,0,1,2,3,3,14,true,58f6598b093b75b04b29b7319806a7528f3c609674d4314cd8ad3ca1aa0f08b5,death=Some(10)
116,junction_model,all_incident_arrows_gone,7800001,4,production,true,true,true,,0,0,1,2,3,3,14,true,58f6598b093b75b04b29b7319806a7528f3c609674d4314cd8ad3ca1aa0f08b5,death=Some(10)
117,junction_model,generation_safe_reuse,7800001,4,reference,true,true,true,,0,0,1,2,3,3,14,true,88d2d9264417c8bbb9008c45f750b60c83d917e3f2b74b5b1f53674a5a71259c,old=CellRef { arena: ArenaId(7800001); id: CellId(1); generation: Generation(1) }/Some(CellSlot(1));new=CellRef { arena: ArenaId(7800001); id: CellId(4); generation: Generation(2) }/Some(CellSlot(1))
117,junction_model,generation_safe_reuse,7800001,4,production,true,true,true,,0,0,1,2,3,3,14,true,88d2d9264417c8bbb9008c45f750b60c83d917e3f2b74b5b1f53674a5a71259c,old=CellRef { arena: ArenaId(7800001); id: CellId(1); generation: Generation(1) }/Some(CellSlot(1));new=CellRef { arena: ArenaId(7800001); id: CellId(4); generation: Generation(2) }/Some(CellSlot(1))
118,junction_model,two_participating_incoming,7800001,4,reference,true,true,true,,0,3,0,0,10,14,7,true,09708a02caba52c4a9dc83ac5589447daa48dfac7ae77a869c64c2710f652ae0,state=(Some(4); Some(4); Some(4); Some(1))
118,junction_model,two_participating_incoming,7800001,4,production,true,true,true,,0,3,0,0,10,14,7,true,09708a02caba52c4a9dc83ac5589447daa48dfac7ae77a869c64c2710f652ae0,state=(Some(4); Some(4); Some(4); Some(1))
119,junction_model,one_incoming_not_participating,7800001,4,reference,true,true,true,,0,2,0,0,7,10,7,true,03d21f71a97ca3cc2d18ac726c9975c06da7e87956c1fda4be04f6302f36f5f3,state=(Some(4); Some(1); Some(4); Some(1))
119,junction_model,one_incoming_not_participating,7800001,4,production,true,true,true,,0,2,0,0,7,10,7,true,03d21f71a97ca3cc2d18ac726c9975c06da7e87956c1fda4be04f6302f36f5f3,state=(Some(4); Some(1); Some(4); Some(1))
120,junction_model,nearby_unrelated_topology,7800001,4,reference,true,true,true,,0,2,0,0,9,13,7,true,76dcc69bbf93a71ea53c7c412f1c8e059ccd782e6c000c4a70000406c3f8a8ac,state=(Some(4); Some(4); Some(1); Some(1))
120,junction_model,nearby_unrelated_topology,7800001,4,production,true,true,true,,0,2,0,0,9,13,7,true,76dcc69bbf93a71ea53c7c412f1c8e059ccd782e6c000c4a70000406c3f8a8ac,state=(Some(4); Some(4); Some(1); Some(1))
121,junction_model,useful_two_link_relation,7800001,5,reference,true,true,true,,0,2,0,0,10,15,17,true,acde3b512f5c031e78b23f021bccde5512886bac86eeaf319d2697b9a75d9991,model=topology_derived_persistence;cell=Some(1);incoming=Some(4);outgoing=Some(4);live10=(Some(true); true; true);fires=1->2
121,junction_model,useful_two_link_relation,7800001,5,production,true,true,true,,0,2,0,0,10,15,17,true,acde3b512f5c031e78b23f021bccde5512886bac86eeaf319d2697b9a75d9991,model=topology_derived_persistence;cell=Some(1);incoming=Some(4);outgoing=Some(4);live10=(Some(true); true; true);fires=1->2
122,junction_model,unsupported_relation,7800001,5,reference,true,true,true,,0,0,1,2,3,3,15,true,58f6598b093b75b04b29b7319806a7528f3c609674d4314cd8ad3ca1aa0f08b5,state=(Some(false); false; false; Some(10))
122,junction_model,unsupported_relation,7800001,5,production,true,true,true,,0,0,1,2,3,3,15,true,58f6598b093b75b04b29b7319806a7528f3c609674d4314cd8ad3ca1aa0f08b5,state=(Some(false); false; false; Some(10))
123,junction_model,one_incident_arrow_survives,7800001,5,reference,true,true,true,,0,0,0,1,1,1,15,true,c8304512066ca8e263e56afcca3b7ce3b9d0a683e32599e11290dcb067f239d5,state=(Some(true); true; false)
123,junction_model,one_incident_arrow_survives,7800001,5,production,true,true,true,,0,0,0,1,1,1,15,true,c8304512066ca8e263e56afcca3b7ce3b9d0a683e32599e11290dcb067f239d5,state=(Some(true); true; false)
124,junction_model,all_incident_arrows_gone,7800001,5,reference,true,true,true,,0,0,1,2,3,3,15,true,58f6598b093b75b04b29b7319806a7528f3c609674d4314cd8ad3ca1aa0f08b5,death=Some(10)
124,junction_model,all_incident_arrows_gone,7800001,5,production,true,true,true,,0,0,1,2,3,3,15,true,58f6598b093b75b04b29b7319806a7528f3c609674d4314cd8ad3ca1aa0f08b5,death=Some(10)
125,junction_model,generation_safe_reuse,7800001,5,reference,true,true,true,,0,0,1,2,3,3,15,true,88d2d9264417c8bbb9008c45f750b60c83d917e3f2b74b5b1f53674a5a71259c,old=CellRef { arena: ArenaId(7800001); id: CellId(1); generation: Generation(1) }/Some(CellSlot(1));new=CellRef { arena: ArenaId(7800001); id: CellId(4); generation: Generation(2) }/Some(CellSlot(1))
125,junction_model,generation_safe_reuse,7800001,5,production,true,true,true,,0,0,1,2,3,3,15,true,88d2d9264417c8bbb9008c45f750b60c83d917e3f2b74b5b1f53674a5a71259c,old=CellRef { arena: ArenaId(7800001); id: CellId(1); generation: Generation(1) }/Some(CellSlot(1));new=CellRef { arena: ArenaId(7800001); id: CellId(4); generation: Generation(2) }/Some(CellSlot(1))
126,junction_model,two_participating_incoming,7800001,5,reference,true,true,true,,0,3,0,0,10,14,8,true,09708a02caba52c4a9dc83ac5589447daa48dfac7ae77a869c64c2710f652ae0,state=(Some(4); Some(4); Some(4); Some(1))
126,junction_model,two_participating_incoming,7800001,5,production,true,true,true,,0,3,0,0,10,14,8,true,09708a02caba52c4a9dc83ac5589447daa48dfac7ae77a869c64c2710f652ae0,state=(Some(4); Some(4); Some(4); Some(1))
127,junction_model,one_incoming_not_participating,7800001,5,reference,true,true,true,,0,2,0,0,7,10,8,true,03d21f71a97ca3cc2d18ac726c9975c06da7e87956c1fda4be04f6302f36f5f3,state=(Some(4); Some(1); Some(4); Some(1))
127,junction_model,one_incoming_not_participating,7800001,5,production,true,true,true,,0,2,0,0,7,10,8,true,03d21f71a97ca3cc2d18ac726c9975c06da7e87956c1fda4be04f6302f36f5f3,state=(Some(4); Some(1); Some(4); Some(1))
128,junction_model,nearby_unrelated_topology,7800001,5,reference,true,true,true,,0,2,0,0,9,13,8,true,76dcc69bbf93a71ea53c7c412f1c8e059ccd782e6c000c4a70000406c3f8a8ac,state=(Some(4); Some(4); Some(1); Some(1))
128,junction_model,nearby_unrelated_topology,7800001,5,production,true,true,true,,0,2,0,0,9,13,8,true,76dcc69bbf93a71ea53c7c412f1c8e059ccd782e6c000c4a70000406c3f8a8ac,state=(Some(4); Some(4); Some(1); Some(1))
129,junction_model,useful_two_link_relation,7800001,6,reference,true,true,true,,0,2,0,0,10,15,18,true,acde3b512f5c031e78b23f021bccde5512886bac86eeaf319d2697b9a75d9991,model=topology_derived_persistence;cell=Some(1);incoming=Some(4);outgoing=Some(4);live10=(Some(true); true; true);fires=1->2
129,junction_model,useful_two_link_relation,7800001,6,production,true,true,true,,0,2,0,0,10,15,18,true,acde3b512f5c031e78b23f021bccde5512886bac86eeaf319d2697b9a75d9991,model=topology_derived_persistence;cell=Some(1);incoming=Some(4);outgoing=Some(4);live10=(Some(true); true; true);fires=1->2
130,junction_model,unsupported_relation,7800001,6,reference,true,true,true,,0,0,1,2,3,3,16,true,58f6598b093b75b04b29b7319806a7528f3c609674d4314cd8ad3ca1aa0f08b5,state=(Some(false); false; false; Some(10))
130,junction_model,unsupported_relation,7800001,6,production,true,true,true,,0,0,1,2,3,3,16,true,58f6598b093b75b04b29b7319806a7528f3c609674d4314cd8ad3ca1aa0f08b5,state=(Some(false); false; false; Some(10))
131,junction_model,one_incident_arrow_survives,7800001,6,reference,true,true,true,,0,0,0,1,1,1,16,true,c8304512066ca8e263e56afcca3b7ce3b9d0a683e32599e11290dcb067f239d5,state=(Some(true); true; false)
131,junction_model,one_incident_arrow_survives,7800001,6,production,true,true,true,,0,0,0,1,1,1,16,true,c8304512066ca8e263e56afcca3b7ce3b9d0a683e32599e11290dcb067f239d5,state=(Some(true); true; false)
132,junction_model,all_incident_arrows_gone,7800001,6,reference,true,true,true,,0,0,1,2,3,3,16,true,58f6598b093b75b04b29b7319806a7528f3c609674d4314cd8ad3ca1aa0f08b5,death=Some(10)
132,junction_model,all_incident_arrows_gone,7800001,6,production,true,true,true,,0,0,1,2,3,3,16,true,58f6598b093b75b04b29b7319806a7528f3c609674d4314cd8ad3ca1aa0f08b5,death=Some(10)
133,junction_model,generation_safe_reuse,7800001,6,reference,true,true,true,,0,0,1,2,3,3,16,true,88d2d9264417c8bbb9008c45f750b60c83d917e3f2b74b5b1f53674a5a71259c,old=CellRef { arena: ArenaId(7800001); id: CellId(1); generation: Generation(1) }/Some(CellSlot(1));new=CellRef { arena: ArenaId(7800001); id: CellId(4); generation: Generation(2) }/Some(CellSlot(1))
133,junction_model,generation_safe_reuse,7800001,6,production,true,true,true,,0,0,1,2,3,3,16,true,88d2d9264417c8bbb9008c45f750b60c83d917e3f2b74b5b1f53674a5a71259c,old=CellRef { arena: ArenaId(7800001); id: CellId(1); generation: Generation(1) }/Some(CellSlot(1));new=CellRef { arena: ArenaId(7800001); id: CellId(4); generation: Generation(2) }/Some(CellSlot(1))
134,junction_model,two_participating_incoming,7800001,6,reference,true,true,true,,0,3,0,0,10,14,9,true,09708a02caba52c4a9dc83ac5589447daa48dfac7ae77a869c64c2710f652ae0,state=(Some(4); Some(4); Some(4); Some(1))
134,junction_model,two_participating_incoming,7800001,6,production,true,true,true,,0,3,0,0,10,14,9,true,09708a02caba52c4a9dc83ac5589447daa48dfac7ae77a869c64c2710f652ae0,state=(Some(4); Some(4); Some(4); Some(1))
135,junction_model,one_incoming_not_participating,7800001,6,reference,true,true,true,,0,2,0,0,7,10,9,true,03d21f71a97ca3cc2d18ac726c9975c06da7e87956c1fda4be04f6302f36f5f3,state=(Some(4); Some(1); Some(4); Some(1))
135,junction_model,one_incoming_not_participating,7800001,6,production,true,true,true,,0,2,0,0,7,10,9,true,03d21f71a97ca3cc2d18ac726c9975c06da7e87956c1fda4be04f6302f36f5f3,state=(Some(4); Some(1); Some(4); Some(1))
136,junction_model,nearby_unrelated_topology,7800001,6,reference,true,true,true,,0,2,0,0,9,13,9,true,76dcc69bbf93a71ea53c7c412f1c8e059ccd782e6c000c4a70000406c3f8a8ac,state=(Some(4); Some(4); Some(1); Some(1))
136,junction_model,nearby_unrelated_topology,7800001,6,production,true,true,true,,0,2,0,0,9,13,9,true,76dcc69bbf93a71ea53c7c412f1c8e059ccd782e6c000c4a70000406c3f8a8ac,state=(Some(4); Some(4); Some(1); Some(1))
137,junction_model,useful_two_link_relation,7800001,7,reference,true,true,true,,0,2,0,0,10,15,19,true,acde3b512f5c031e78b23f021bccde5512886bac86eeaf319d2697b9a75d9991,model=topology_derived_persistence;cell=Some(1);incoming=Some(4);outgoing=Some(4);live10=(Some(true); true; true);fires=1->2
137,junction_model,useful_two_link_relation,7800001,7,production,true,true,true,,0,2,0,0,10,15,19,true,acde3b512f5c031e78b23f021bccde5512886bac86eeaf319d2697b9a75d9991,model=topology_derived_persistence;cell=Some(1);incoming=Some(4);outgoing=Some(4);live10=(Some(true); true; true);fires=1->2
138,junction_model,unsupported_relation,7800001,7,reference,true,true,true,,0,0,1,2,3,3,17,true,58f6598b093b75b04b29b7319806a7528f3c609674d4314cd8ad3ca1aa0f08b5,state=(Some(false); false; false; Some(10))
138,junction_model,unsupported_relation,7800001,7,production,true,true,true,,0,0,1,2,3,3,17,true,58f6598b093b75b04b29b7319806a7528f3c609674d4314cd8ad3ca1aa0f08b5,state=(Some(false); false; false; Some(10))
139,junction_model,one_incident_arrow_survives,7800001,7,reference,true,true,true,,0,0,0,1,1,1,17,true,c8304512066ca8e263e56afcca3b7ce3b9d0a683e32599e11290dcb067f239d5,state=(Some(true); true; false)
139,junction_model,one_incident_arrow_survives,7800001,7,production,true,true,true,,0,0,0,1,1,1,17,true,c8304512066ca8e263e56afcca3b7ce3b9d0a683e32599e11290dcb067f239d5,state=(Some(true); true; false)
140,junction_model,all_incident_arrows_gone,7800001,7,reference,true,true,true,,0,0,1,2,3,3,17,true,58f6598b093b75b04b29b7319806a7528f3c609674d4314cd8ad3ca1aa0f08b5,death=Some(10)
140,junction_model,all_incident_arrows_gone,7800001,7,production,true,true,true,,0,0,1,2,3,3,17,true,58f6598b093b75b04b29b7319806a7528f3c609674d4314cd8ad3ca1aa0f08b5,death=Some(10)
141,junction_model,generation_safe_reuse,7800001,7,reference,true,true,true,,0,0,1,2,3,3,17,true,88d2d9264417c8bbb9008c45f750b60c83d917e3f2b74b5b1f53674a5a71259c,old=CellRef { arena: ArenaId(7800001); id: CellId(1); generation: Generation(1) }/Some(CellSlot(1));new=CellRef { arena: ArenaId(7800001); id: CellId(4); generation: Generation(2) }/Some(CellSlot(1))
141,junction_model,generation_safe_reuse,7800001,7,production,true,true,true,,0,0,1,2,3,3,17,true,88d2d9264417c8bbb9008c45f750b60c83d917e3f2b74b5b1f53674a5a71259c,old=CellRef { arena: ArenaId(7800001); id: CellId(1); generation: Generation(1) }/Some(CellSlot(1));new=CellRef { arena: ArenaId(7800001); id: CellId(4); generation: Generation(2) }/Some(CellSlot(1))
142,junction_model,two_participating_incoming,7800001,7,reference,true,true,true,,0,3,0,0,10,14,10,true,09708a02caba52c4a9dc83ac5589447daa48dfac7ae77a869c64c2710f652ae0,state=(Some(4); Some(4); Some(4); Some(1))
142,junction_model,two_participating_incoming,7800001,7,production,true,true,true,,0,3,0,0,10,14,10,true,09708a02caba52c4a9dc83ac5589447daa48dfac7ae77a869c64c2710f652ae0,state=(Some(4); Some(4); Some(4); Some(1))
143,junction_model,one_incoming_not_participating,7800001,7,reference,true,true,true,,0,2,0,0,7,10,10,true,03d21f71a97ca3cc2d18ac726c9975c06da7e87956c1fda4be04f6302f36f5f3,state=(Some(4); Some(1); Some(4); Some(1))
143,junction_model,one_incoming_not_participating,7800001,7,production,true,true,true,,0,2,0,0,7,10,10,true,03d21f71a97ca3cc2d18ac726c9975c06da7e87956c1fda4be04f6302f36f5f3,state=(Some(4); Some(1); Some(4); Some(1))
144,junction_model,nearby_unrelated_topology,7800001,7,reference,true,true,true,,0,2,0,0,9,13,10,true,76dcc69bbf93a71ea53c7c412f1c8e059ccd782e6c000c4a70000406c3f8a8ac,state=(Some(4); Some(4); Some(1); Some(1))
144,junction_model,nearby_unrelated_topology,7800001,7,production,true,true,true,,0,2,0,0,9,13,10,true,76dcc69bbf93a71ea53c7c412f1c8e059ccd782e6c000c4a70000406c3f8a8ac,state=(Some(4); Some(4); Some(1); Some(1))
145,junction_model,useful_two_link_relation,7800001,8,reference,true,true,true,,0,2,0,0,10,15,20,true,acde3b512f5c031e78b23f021bccde5512886bac86eeaf319d2697b9a75d9991,model=topology_derived_persistence;cell=Some(1);incoming=Some(4);outgoing=Some(4);live10=(Some(true); true; true);fires=1->2
145,junction_model,useful_two_link_relation,7800001,8,production,true,true,true,,0,2,0,0,10,15,20,true,acde3b512f5c031e78b23f021bccde5512886bac86eeaf319d2697b9a75d9991,model=topology_derived_persistence;cell=Some(1);incoming=Some(4);outgoing=Some(4);live10=(Some(true); true; true);fires=1->2
146,junction_model,unsupported_relation,7800001,8,reference,true,true,true,,0,0,1,2,3,3,18,true,58f6598b093b75b04b29b7319806a7528f3c609674d4314cd8ad3ca1aa0f08b5,state=(Some(false); false; false; Some(10))
146,junction_model,unsupported_relation,7800001,8,production,true,true,true,,0,0,1,2,3,3,18,true,58f6598b093b75b04b29b7319806a7528f3c609674d4314cd8ad3ca1aa0f08b5,state=(Some(false); false; false; Some(10))
147,junction_model,one_incident_arrow_survives,7800001,8,reference,true,true,true,,0,0,0,1,1,1,18,true,c8304512066ca8e263e56afcca3b7ce3b9d0a683e32599e11290dcb067f239d5,state=(Some(true); true; false)
147,junction_model,one_incident_arrow_survives,7800001,8,production,true,true,true,,0,0,0,1,1,1,18,true,c8304512066ca8e263e56afcca3b7ce3b9d0a683e32599e11290dcb067f239d5,state=(Some(true); true; false)
148,junction_model,all_incident_arrows_gone,7800001,8,reference,true,true,true,,0,0,1,2,3,3,18,true,58f6598b093b75b04b29b7319806a7528f3c609674d4314cd8ad3ca1aa0f08b5,death=Some(10)
148,junction_model,all_incident_arrows_gone,7800001,8,production,true,true,true,,0,0,1,2,3,3,18,true,58f6598b093b75b04b29b7319806a7528f3c609674d4314cd8ad3ca1aa0f08b5,death=Some(10)
149,junction_model,generation_safe_reuse,7800001,8,reference,true,true,true,,0,0,1,2,3,3,18,true,88d2d9264417c8bbb9008c45f750b60c83d917e3f2b74b5b1f53674a5a71259c,old=CellRef { arena: ArenaId(7800001); id: CellId(1); generation: Generation(1) }/Some(CellSlot(1));new=CellRef { arena: ArenaId(7800001); id: CellId(4); generation: Generation(2) }/Some(CellSlot(1))
149,junction_model,generation_safe_reuse,7800001,8,production,true,true,true,,0,0,1,2,3,3,18,true,88d2d9264417c8bbb9008c45f750b60c83d917e3f2b74b5b1f53674a5a71259c,old=CellRef { arena: ArenaId(7800001); id: CellId(1); generation: Generation(1) }/Some(CellSlot(1));new=CellRef { arena: ArenaId(7800001); id: CellId(4); generation: Generation(2) }/Some(CellSlot(1))
150,junction_model,two_participating_incoming,7800001,8,reference,true,true,true,,0,3,0,0,10,14,11,true,09708a02caba52c4a9dc83ac5589447daa48dfac7ae77a869c64c2710f652ae0,state=(Some(4); Some(4); Some(4); Some(1))
150,junction_model,two_participating_incoming,7800001,8,production,true,true,true,,0,3,0,0,10,14,11,true,09708a02caba52c4a9dc83ac5589447daa48dfac7ae77a869c64c2710f652ae0,state=(Some(4); Some(4); Some(4); Some(1))
151,junction_model,one_incoming_not_participating,7800001,8,reference,true,true,true,,0,2,0,0,7,10,11,true,03d21f71a97ca3cc2d18ac726c9975c06da7e87956c1fda4be04f6302f36f5f3,state=(Some(4); Some(1); Some(4); Some(1))
151,junction_model,one_incoming_not_participating,7800001,8,production,true,true,true,,0,2,0,0,7,10,11,true,03d21f71a97ca3cc2d18ac726c9975c06da7e87956c1fda4be04f6302f36f5f3,state=(Some(4); Some(1); Some(4); Some(1))
152,junction_model,nearby_unrelated_topology,7800001,8,reference,true,true,true,,0,2,0,0,9,13,11,true,76dcc69bbf93a71ea53c7c412f1c8e059ccd782e6c000c4a70000406c3f8a8ac,state=(Some(4); Some(4); Some(1); Some(1))
152,junction_model,nearby_unrelated_topology,7800001,8,production,true,true,true,,0,2,0,0,9,13,11,true,76dcc69bbf93a71ea53c7c412f1c8e059ccd782e6c000c4a70000406c3f8a8ac,state=(Some(4); Some(4); Some(1); Some(1))
153,junction_model,useful_two_link_relation,7800001,9,reference,true,true,true,,0,2,0,0,10,15,21,true,acde3b512f5c031e78b23f021bccde5512886bac86eeaf319d2697b9a75d9991,model=topology_derived_persistence;cell=Some(1);incoming=Some(4);outgoing=Some(4);live10=(Some(true); true; true);fires=1->2
153,junction_model,useful_two_link_relation,7800001,9,production,true,true,true,,0,2,0,0,10,15,21,true,acde3b512f5c031e78b23f021bccde5512886bac86eeaf319d2697b9a75d9991,model=topology_derived_persistence;cell=Some(1);incoming=Some(4);outgoing=Some(4);live10=(Some(true); true; true);fires=1->2
154,junction_model,unsupported_relation,7800001,9,reference,true,true,true,,0,0,1,2,3,3,19,true,58f6598b093b75b04b29b7319806a7528f3c609674d4314cd8ad3ca1aa0f08b5,state=(Some(false); false; false; Some(10))
154,junction_model,unsupported_relation,7800001,9,production,true,true,true,,0,0,1,2,3,3,19,true,58f6598b093b75b04b29b7319806a7528f3c609674d4314cd8ad3ca1aa0f08b5,state=(Some(false); false; false; Some(10))
155,junction_model,one_incident_arrow_survives,7800001,9,reference,true,true,true,,0,0,0,1,1,1,19,true,c8304512066ca8e263e56afcca3b7ce3b9d0a683e32599e11290dcb067f239d5,state=(Some(true); true; false)
155,junction_model,one_incident_arrow_survives,7800001,9,production,true,true,true,,0,0,0,1,1,1,19,true,c8304512066ca8e263e56afcca3b7ce3b9d0a683e32599e11290dcb067f239d5,state=(Some(true); true; false)
156,junction_model,all_incident_arrows_gone,7800001,9,reference,true,true,true,,0,0,1,2,3,3,19,true,58f6598b093b75b04b29b7319806a7528f3c609674d4314cd8ad3ca1aa0f08b5,death=Some(10)
156,junction_model,all_incident_arrows_gone,7800001,9,production,true,true,true,,0,0,1,2,3,3,19,true,58f6598b093b75b04b29b7319806a7528f3c609674d4314cd8ad3ca1aa0f08b5,death=Some(10)
157,junction_model,generation_safe_reuse,7800001,9,reference,true,true,true,,0,0,1,2,3,3,19,true,88d2d9264417c8bbb9008c45f750b60c83d917e3f2b74b5b1f53674a5a71259c,old=CellRef { arena: ArenaId(7800001); id: CellId(1); generation: Generation(1) }/Some(CellSlot(1));new=CellRef { arena: ArenaId(7800001); id: CellId(4); generation: Generation(2) }/Some(CellSlot(1))
157,junction_model,generation_safe_reuse,7800001,9,production,true,true,true,,0,0,1,2,3,3,19,true,88d2d9264417c8bbb9008c45f750b60c83d917e3f2b74b5b1f53674a5a71259c,old=CellRef { arena: ArenaId(7800001); id: CellId(1); generation: Generation(1) }/Some(CellSlot(1));new=CellRef { arena: ArenaId(7800001); id: CellId(4); generation: Generation(2) }/Some(CellSlot(1))
158,junction_model,two_participating_incoming,7800001,9,reference,true,true,true,,0,3,0,0,10,14,12,true,09708a02caba52c4a9dc83ac5589447daa48dfac7ae77a869c64c2710f652ae0,state=(Some(4); Some(4); Some(4); Some(1))
158,junction_model,two_participating_incoming,7800001,9,production,true,true,true,,0,3,0,0,10,14,12,true,09708a02caba52c4a9dc83ac5589447daa48dfac7ae77a869c64c2710f652ae0,state=(Some(4); Some(4); Some(4); Some(1))
159,junction_model,one_incoming_not_participating,7800001,9,reference,true,true,true,,0,2,0,0,7,10,12,true,03d21f71a97ca3cc2d18ac726c9975c06da7e87956c1fda4be04f6302f36f5f3,state=(Some(4); Some(1); Some(4); Some(1))
159,junction_model,one_incoming_not_participating,7800001,9,production,true,true,true,,0,2,0,0,7,10,12,true,03d21f71a97ca3cc2d18ac726c9975c06da7e87956c1fda4be04f6302f36f5f3,state=(Some(4); Some(1); Some(4); Some(1))
160,junction_model,nearby_unrelated_topology,7800001,9,reference,true,true,true,,0,2,0,0,9,13,12,true,76dcc69bbf93a71ea53c7c412f1c8e059ccd782e6c000c4a70000406c3f8a8ac,state=(Some(4); Some(4); Some(1); Some(1))
160,junction_model,nearby_unrelated_topology,7800001,9,production,true,true,true,,0,2,0,0,9,13,12,true,76dcc69bbf93a71ea53c7c412f1c8e059ccd782e6c000c4a70000406c3f8a8ac,state=(Some(4); Some(4); Some(1); Some(1))
