guard,layer,path,line,match
"evaluator_derived_input","PX5","src/ds7_cumulative_plasticity_allocation_gate.rs",152,"heldout"
"evaluator_derived_input","PX5","src/ds7_cumulative_plasticity_allocation_gate.rs",152,"seed"
"evaluator_derived_input","PX5","src/ds7_cumulative_plasticity_allocation_gate.rs",156,"seed"
"evaluator_derived_input","PX5","src/ds7_cumulative_plasticity_allocation_gate.rs",184,"snapshot"
"evaluator_derived_input","PX5","src/ds7_cumulative_plasticity_allocation_gate.rs",185,"snapshot"
"evaluator_derived_input","PX5","src/ds7_cumulative_plasticity_allocation_gate.rs",232,"seed"
"evaluator_derived_input","PX5","src/ds7_cumulative_plasticity_allocation_gate.rs",238,"snapshot"
"evaluator_derived_input","PX5","src/ds7_cumulative_plasticity_allocation_gate.rs",238,"snapshot"
"evaluator_derived_input","PX5","src/ds7_cumulative_plasticity_allocation_gate.rs",25,"seed"
"evaluator_derived_input","PX5","src/ds7_cumulative_plasticity_allocation_gate.rs",252,"heldout"
"evaluator_derived_input","PX5","src/ds7_cumulative_plasticity_allocation_gate.rs",252,"seed"
"evaluator_derived_input","PX5","src/ds7_cumulative_plasticity_allocation_gate.rs",277,"seed"
"evaluator_derived_input","PX5","src/ds7_cumulative_plasticity_allocation_gate.rs",278,"seed"
"evaluator_derived_input","PX5","src/ds7_cumulative_plasticity_allocation_gate.rs",278,"seed"
"evaluator_derived_input","PX5","src/ds7_cumulative_plasticity_allocation_gate.rs",279,"seed"
"evaluator_derived_input","PX5","src/ds7_cumulative_plasticity_allocation_gate.rs",279,"seed"
"evaluator_derived_input","PX5","src/ds7_cumulative_plasticity_allocation_gate.rs",3,"PROTOCOL"
"evaluator_derived_input","PX5","src/ds7_cumulative_plasticity_allocation_gate.rs",303,"heldout"
"evaluator_derived_input","PX5","src/ds7_cumulative_plasticity_allocation_gate.rs",303,"seed"
"evaluator_derived_input","PX5","src/ds7_cumulative_plasticity_allocation_gate.rs",325,"seed"
"evaluator_derived_input","PX5","src/ds7_cumulative_plasticity_allocation_gate.rs",328,"snapshot"
"evaluator_derived_input","PX5","src/ds7_cumulative_plasticity_allocation_gate.rs",329,"snapshot"
"evaluator_derived_input","PX5","src/ds7_cumulative_plasticity_allocation_gate.rs",333,"seed"
"evaluator_derived_input","PX5","src/ds7_cumulative_plasticity_allocation_gate.rs",333,"seed"
"evaluator_derived_input","PX5","src/ds7_cumulative_plasticity_allocation_gate.rs",337,"seed"
"evaluator_derived_input","PX5","src/ds7_cumulative_plasticity_allocation_gate.rs",337,"seed"
"evaluator_derived_input","PX5","src/ds7_cumulative_plasticity_allocation_gate.rs",342,"seed"
"evaluator_derived_input","PX5","src/ds7_cumulative_plasticity_allocation_gate.rs",342,"seed"
"evaluator_derived_input","PX5","src/ds7_cumulative_plasticity_allocation_gate.rs",344,"controls"
"evaluator_derived_input","PX5","src/ds7_cumulative_plasticity_allocation_gate.rs",352,"seed"
"evaluator_derived_input","PX5","src/ds7_cumulative_plasticity_allocation_gate.rs",367,"controls"
"evaluator_derived_input","PX5","src/ds7_cumulative_plasticity_allocation_gate.rs",371,"seed"
"evaluator_derived_input","PX5","src/ds7_cumulative_plasticity_allocation_gate.rs",392,"controls"
"evaluator_derived_input","PX5","src/ds7_cumulative_plasticity_allocation_gate.rs",401,"SEEDS"
"evaluator_derived_input","PX5","src/ds7_cumulative_plasticity_allocation_gate.rs",404,"seed"
"evaluator_derived_input","PX5","src/ds7_cumulative_plasticity_allocation_gate.rs",408,"seed"
"evaluator_derived_input","PX5","src/ds7_cumulative_plasticity_allocation_gate.rs",418,"PROTOCOL"
"evaluator_derived_input","PX5","src/ds7_cumulative_plasticity_allocation_gate.rs",431,"report"
"evaluator_derived_input","PX5","src/ds7_cumulative_plasticity_allocation_gate.rs",432,"report"
"evaluator_derived_input","PX5","src/ds7_cumulative_plasticity_allocation_gate.rs",433,"report"
"evaluator_derived_input","PX5","src/ds7_cumulative_plasticity_allocation_gate.rs",433,"report"
"evaluator_derived_input","PX5","src/ds7_cumulative_plasticity_allocation_gate.rs",434,"report"
"evaluator_derived_input","PX5","src/ds7_cumulative_plasticity_allocation_gate.rs",46,"controls"
"evaluator_derived_input","PX5","src/ds7_cumulative_plasticity_allocation_gate.rs",6,"SEEDS"
"evaluator_derived_input","PX5","src/ds7_cumulative_plasticity_allocation_gate.rs",67,"seed"
"evaluator_derived_input","PX5","src/ds7_cumulative_plasticity_allocation_gate.rs",70,"seed"
"evaluator_derived_input","PX5","src/ds7_cumulative_plasticity_allocation_gate.rs",80,"seed"
"evaluator_derived_input","PX5","src/ds7_cumulative_plasticity_allocation_gate.rs",83,"seed"
"evaluator_derived_input","PX5","src/ds7_cumulative_plasticity_targeting_probe.rs",120,"snapshot"
"evaluator_derived_input","PX5","src/ds7_cumulative_plasticity_targeting_probe.rs",170,"snapshot"
"evaluator_derived_input","PX5","src/ds7_cumulative_plasticity_targeting_probe.rs",171,"snapshot"
"evaluator_derived_input","PX5","src/ds7_cumulative_plasticity_targeting_probe.rs",179,"snapshot"
"evaluator_derived_input","PX5","src/ds7_cumulative_plasticity_targeting_probe.rs",189,"snapshot"
"evaluator_derived_input","PX5","src/ds7_cumulative_plasticity_targeting_probe.rs",191,"snapshot"
"evaluator_derived_input","PX5","src/ds7_cumulative_plasticity_targeting_probe.rs",210,"snapshot"
"evaluator_derived_input","PX5","src/ds7_cumulative_plasticity_targeting_probe.rs",212,"snapshot"
"evaluator_derived_input","PX5","src/ds7_cumulative_plasticity_targeting_probe.rs",331,"snapshot"
"evaluator_derived_input","PX5","src/ds7_cumulative_plasticity_targeting_probe.rs",331,"snapshot"
"evaluator_derived_input","PX5","src/ds7_cumulative_plasticity_targeting_probe.rs",332,"snapshot"
"evaluator_derived_input","PX5","src/ds7_cumulative_plasticity_targeting_probe.rs",333,"snapshot"
"evaluator_derived_input","PX5","src/ds7_cumulative_plasticity_targeting_probe.rs",37,"seed"
"evaluator_derived_input","PX5","src/ds7_cumulative_plasticity_targeting_probe.rs",393,"snapshot"
"evaluator_derived_input","PX5","src/ds7_cumulative_plasticity_targeting_probe.rs",394,"snapshot"
"evaluator_derived_input","PX5","src/ds7_cumulative_plasticity_targeting_probe.rs",397,"snapshot"
"evaluator_derived_input","PX5","src/ds7_cumulative_plasticity_targeting_probe.rs",399,"snapshot"
"evaluator_derived_input","PX5","src/ds7_cumulative_plasticity_targeting_probe.rs",433,"seed"
"evaluator_derived_input","PX5","src/ds7_cumulative_plasticity_targeting_probe.rs",434,"seed"
"evaluator_derived_input","PX5","src/ds7_cumulative_plasticity_targeting_probe.rs",5,"PROTOCOL"
"evaluator_derived_input","PX5","src/ds7_cumulative_plasticity_targeting_probe.rs",541,"snapshot"
"evaluator_derived_input","PX5","src/ds7_cumulative_plasticity_targeting_probe.rs",542,"snapshot"
"evaluator_derived_input","PX5","src/ds7_cumulative_plasticity_targeting_probe.rs",544,"snapshot"
"evaluator_derived_input","PX5","src/ds7_cumulative_plasticity_targeting_probe.rs",619,"PROBE_SEED"
"evaluator_derived_input","PX5","src/ds7_cumulative_plasticity_targeting_probe.rs",628,"controls"
"evaluator_derived_input","PX5","src/ds7_cumulative_plasticity_targeting_probe.rs",647,"PROTOCOL"
"evaluator_derived_input","PX5","src/ds7_cumulative_plasticity_targeting_probe.rs",648,"PROBE_SEED"
"evaluator_derived_input","PX5","src/ds7_cumulative_plasticity_targeting_probe.rs",648,"seed"
"evaluator_derived_input","PX5","src/ds7_cumulative_plasticity_targeting_probe.rs",686,"report"
"evaluator_derived_input","PX5","src/ds7_cumulative_plasticity_targeting_probe.rs",687,"report"
"evaluator_derived_input","PX5","src/ds7_cumulative_plasticity_targeting_probe.rs",688,"report"
"evaluator_derived_input","PX5","src/ds7_cumulative_plasticity_targeting_probe.rs",689,"report"
"evaluator_derived_input","PX5","src/ds7_cumulative_plasticity_targeting_probe.rs",689,"report"
"evaluator_derived_input","PX5","src/ds7_cumulative_plasticity_targeting_probe.rs",8,"PROBE_SEED"
"evaluator_derived_input","PX6","src/ds8_cumulative_semantic_credit_gate.rs",132,"seed"
"evaluator_derived_input","PX6","src/ds8_cumulative_semantic_credit_gate.rs",135,"seed"
"evaluator_derived_input","PX6","src/ds8_cumulative_semantic_credit_gate.rs",145,"seed"
"evaluator_derived_input","PX6","src/ds8_cumulative_semantic_credit_gate.rs",148,"seed"
"evaluator_derived_input","PX6","src/ds8_cumulative_semantic_credit_gate.rs",169,"snapshot"
"evaluator_derived_input","PX6","src/ds8_cumulative_semantic_credit_gate.rs",179,"seed"
"evaluator_derived_input","PX6","src/ds8_cumulative_semantic_credit_gate.rs",180,"seed"
"evaluator_derived_input","PX6","src/ds8_cumulative_semantic_credit_gate.rs",181,"seed"
"evaluator_derived_input","PX6","src/ds8_cumulative_semantic_credit_gate.rs",182,"seed"
"evaluator_derived_input","PX6","src/ds8_cumulative_semantic_credit_gate.rs",183,"snapshot"
"evaluator_derived_input","PX6","src/ds8_cumulative_semantic_credit_gate.rs",184,"snapshot"
"evaluator_derived_input","PX6","src/ds8_cumulative_semantic_credit_gate.rs",185,"seed"
"evaluator_derived_input","PX6","src/ds8_cumulative_semantic_credit_gate.rs",204,"seed"
"evaluator_derived_input","PX6","src/ds8_cumulative_semantic_credit_gate.rs",220,"seed"
"evaluator_derived_input","PX6","src/ds8_cumulative_semantic_credit_gate.rs",244,"seed"
"evaluator_derived_input","PX6","src/ds8_cumulative_semantic_credit_gate.rs",252,"seed"
"evaluator_derived_input","PX6","src/ds8_cumulative_semantic_credit_gate.rs",282,"heldout"
"evaluator_derived_input","PX6","src/ds8_cumulative_semantic_credit_gate.rs",282,"seed"
"evaluator_derived_input","PX6","src/ds8_cumulative_semantic_credit_gate.rs",286,"seed"
"evaluator_derived_input","PX6","src/ds8_cumulative_semantic_credit_gate.rs",29,"seed"
"evaluator_derived_input","PX6","src/ds8_cumulative_semantic_credit_gate.rs",3,"PROTOCOL"
"evaluator_derived_input","PX6","src/ds8_cumulative_semantic_credit_gate.rs",33,"heldout"
"evaluator_derived_input","PX6","src/ds8_cumulative_semantic_credit_gate.rs",372,"controls"
"evaluator_derived_input","PX6","src/ds8_cumulative_semantic_credit_gate.rs",372,"seed"
"evaluator_derived_input","PX6","src/ds8_cumulative_semantic_credit_gate.rs",373,"seed"
"evaluator_derived_input","PX6","src/ds8_cumulative_semantic_credit_gate.rs",376,"heldout"
"evaluator_derived_input","PX6","src/ds8_cumulative_semantic_credit_gate.rs",376,"seed"
"evaluator_derived_input","PX6","src/ds8_cumulative_semantic_credit_gate.rs",384,"seed"
"evaluator_derived_input","PX6","src/ds8_cumulative_semantic_credit_gate.rs",396,"snapshot"
"evaluator_derived_input","PX6","src/ds8_cumulative_semantic_credit_gate.rs",397,"snapshot"
"evaluator_derived_input","PX6","src/ds8_cumulative_semantic_credit_gate.rs",417,"snapshot"
"evaluator_derived_input","PX6","src/ds8_cumulative_semantic_credit_gate.rs",418,"snapshot"
"evaluator_derived_input","PX6","src/ds8_cumulative_semantic_credit_gate.rs",426,"snapshot"
"evaluator_derived_input","PX6","src/ds8_cumulative_semantic_credit_gate.rs",427,"snapshot"
"evaluator_derived_input","PX6","src/ds8_cumulative_semantic_credit_gate.rs",428,"seed"
"evaluator_derived_input","PX6","src/ds8_cumulative_semantic_credit_gate.rs",428,"seed"
"evaluator_derived_input","PX6","src/ds8_cumulative_semantic_credit_gate.rs",431,"heldout"
"evaluator_derived_input","PX6","src/ds8_cumulative_semantic_credit_gate.rs",431,"seed"
"evaluator_derived_input","PX6","src/ds8_cumulative_semantic_credit_gate.rs",448,"seed"
"evaluator_derived_input","PX6","src/ds8_cumulative_semantic_credit_gate.rs",448,"snapshot"
"evaluator_derived_input","PX6","src/ds8_cumulative_semantic_credit_gate.rs",448,"snapshot"
"evaluator_derived_input","PX6","src/ds8_cumulative_semantic_credit_gate.rs",457,"controls"
"evaluator_derived_input","PX6","src/ds8_cumulative_semantic_credit_gate.rs",471,"controls"
"evaluator_derived_input","PX6","src/ds8_cumulative_semantic_credit_gate.rs",475,"seed"
"evaluator_derived_input","PX6","src/ds8_cumulative_semantic_credit_gate.rs",479,"heldout"
"evaluator_derived_input","PX6","src/ds8_cumulative_semantic_credit_gate.rs",502,"controls"
"evaluator_derived_input","PX6","src/ds8_cumulative_semantic_credit_gate.rs",510,"controls"
"evaluator_derived_input","PX6","src/ds8_cumulative_semantic_credit_gate.rs",511,"SEEDS"
"evaluator_derived_input","PX6","src/ds8_cumulative_semantic_credit_gate.rs",514,"seed"
"evaluator_derived_input","PX6","src/ds8_cumulative_semantic_credit_gate.rs",518,"controls"
"evaluator_derived_input","PX6","src/ds8_cumulative_semantic_credit_gate.rs",518,"seed"
"evaluator_derived_input","PX6","src/ds8_cumulative_semantic_credit_gate.rs",525,"controls"
"evaluator_derived_input","PX6","src/ds8_cumulative_semantic_credit_gate.rs",526,"controls"
"evaluator_derived_input","PX6","src/ds8_cumulative_semantic_credit_gate.rs",527,"controls"
"evaluator_derived_input","PX6","src/ds8_cumulative_semantic_credit_gate.rs",529,"controls"
"evaluator_derived_input","PX6","src/ds8_cumulative_semantic_credit_gate.rs",531,"PROTOCOL"
"evaluator_derived_input","PX6","src/ds8_cumulative_semantic_credit_gate.rs",544,"report"
"evaluator_derived_input","PX6","src/ds8_cumulative_semantic_credit_gate.rs",545,"report"
"evaluator_derived_input","PX6","src/ds8_cumulative_semantic_credit_gate.rs",546,"report"
"evaluator_derived_input","PX6","src/ds8_cumulative_semantic_credit_gate.rs",546,"report"
"evaluator_derived_input","PX6","src/ds8_cumulative_semantic_credit_gate.rs",547,"report"
"evaluator_derived_input","PX6","src/ds8_cumulative_semantic_credit_gate.rs",56,"controls"
"evaluator_derived_input","PX6","src/ds8_cumulative_semantic_credit_gate.rs",6,"SEEDS"
"evaluator_derived_input","PX6","src/ds8_cumulative_semantic_credit_gate.rs",89,"seed"
"evaluator_derived_input","PX6","src/ds8_cumulative_semantic_credit_gate.rs",90,"seed"
"evaluator_derived_input","PX6","src/ds8_cumulative_semantic_credit_probe.rs",112,"seed"
"evaluator_derived_input","PX6","src/ds8_cumulative_semantic_credit_probe.rs",117,"seed"
"evaluator_derived_input","PX6","src/ds8_cumulative_semantic_credit_probe.rs",3,"PROTOCOL"
"evaluator_derived_input","PX6","src/ds8_cumulative_semantic_credit_probe.rs",315,"seed"
"evaluator_derived_input","PX6","src/ds8_cumulative_semantic_credit_probe.rs",316,"seed"
"evaluator_derived_input","PX6","src/ds8_cumulative_semantic_credit_probe.rs",324,"seed"
"evaluator_derived_input","PX6","src/ds8_cumulative_semantic_credit_probe.rs",325,"seed"
"evaluator_derived_input","PX6","src/ds8_cumulative_semantic_credit_probe.rs",340,"snapshot"
"evaluator_derived_input","PX6","src/ds8_cumulative_semantic_credit_probe.rs",351,"seed"
"evaluator_derived_input","PX6","src/ds8_cumulative_semantic_credit_probe.rs",354,"seed"
"evaluator_derived_input","PX6","src/ds8_cumulative_semantic_credit_probe.rs",354,"snapshot"
"evaluator_derived_input","PX6","src/ds8_cumulative_semantic_credit_probe.rs",355,"seed"
"evaluator_derived_input","PX6","src/ds8_cumulative_semantic_credit_probe.rs",355,"snapshot"
"evaluator_derived_input","PX6","src/ds8_cumulative_semantic_credit_probe.rs",365,"seed"
"evaluator_derived_input","PX6","src/ds8_cumulative_semantic_credit_probe.rs",366,"seed"
"evaluator_derived_input","PX6","src/ds8_cumulative_semantic_credit_probe.rs",376,"seed"
"evaluator_derived_input","PX6","src/ds8_cumulative_semantic_credit_probe.rs",383,"seed"
"evaluator_derived_input","PX6","src/ds8_cumulative_semantic_credit_probe.rs",409,"seed"
"evaluator_derived_input","PX6","src/ds8_cumulative_semantic_credit_probe.rs",41,"seed"
"evaluator_derived_input","PX6","src/ds8_cumulative_semantic_credit_probe.rs",415,"seed"
"evaluator_derived_input","PX6","src/ds8_cumulative_semantic_credit_probe.rs",419,"seed"
"evaluator_derived_input","PX6","src/ds8_cumulative_semantic_credit_probe.rs",427,"seed"
"evaluator_derived_input","PX6","src/ds8_cumulative_semantic_credit_probe.rs",434,"seed"
"evaluator_derived_input","PX6","src/ds8_cumulative_semantic_credit_probe.rs",437,"seed"
"evaluator_derived_input","PX6","src/ds8_cumulative_semantic_credit_probe.rs",441,"seed"
"evaluator_derived_input","PX6","src/ds8_cumulative_semantic_credit_probe.rs",445,"seed"
"evaluator_derived_input","PX6","src/ds8_cumulative_semantic_credit_probe.rs",451,"seed"
"evaluator_derived_input","PX6","src/ds8_cumulative_semantic_credit_probe.rs",467,"seed"
"evaluator_derived_input","PX6","src/ds8_cumulative_semantic_credit_probe.rs",469,"seed"
"evaluator_derived_input","PX6","src/ds8_cumulative_semantic_credit_probe.rs",484,"seed"
"evaluator_derived_input","PX6","src/ds8_cumulative_semantic_credit_probe.rs",492,"seed"
"evaluator_derived_input","PX6","src/ds8_cumulative_semantic_credit_probe.rs",498,"seed"
"evaluator_derived_input","PX6","src/ds8_cumulative_semantic_credit_probe.rs",505,"seed"
"evaluator_derived_input","PX6","src/ds8_cumulative_semantic_credit_probe.rs",511,"seed"
"evaluator_derived_input","PX6","src/ds8_cumulative_semantic_credit_probe.rs",515,"seed"
"evaluator_derived_input","PX6","src/ds8_cumulative_semantic_credit_probe.rs",525,"seed"
"evaluator_derived_input","PX6","src/ds8_cumulative_semantic_credit_probe.rs",533,"seed"
"evaluator_derived_input","PX6","src/ds8_cumulative_semantic_credit_probe.rs",536,"seed"
"evaluator_derived_input","PX6","src/ds8_cumulative_semantic_credit_probe.rs",537,"seed"
"evaluator_derived_input","PX6","src/ds8_cumulative_semantic_credit_probe.rs",542,"seed"
"evaluator_derived_input","PX6","src/ds8_cumulative_semantic_credit_probe.rs",546,"seed"
"evaluator_derived_input","PX6","src/ds8_cumulative_semantic_credit_probe.rs",547,"seed"
"evaluator_derived_input","PX6","src/ds8_cumulative_semantic_credit_probe.rs",549,"seed"
"evaluator_derived_input","PX6","src/ds8_cumulative_semantic_credit_probe.rs",555,"seed"
"evaluator_derived_input","PX6","src/ds8_cumulative_semantic_credit_probe.rs",565,"seed"
"evaluator_derived_input","PX6","src/ds8_cumulative_semantic_credit_probe.rs",566,"seed"
"evaluator_derived_input","PX6","src/ds8_cumulative_semantic_credit_probe.rs",6,"PROBE_SEED"
"evaluator_derived_input","PX6","src/ds8_cumulative_semantic_credit_probe.rs",609,"report"
"evaluator_derived_input","PX6","src/ds8_cumulative_semantic_credit_probe.rs",633,"report"
"evaluator_derived_input","PX6","src/ds8_cumulative_semantic_credit_probe.rs",633,"report"
"evaluator_derived_input","PX6","src/ds8_cumulative_semantic_credit_probe.rs",634,"report"
"evaluator_derived_input","PX6","src/ds8_cumulative_semantic_credit_probe.rs",635,"report"
"evaluator_derived_input","PX6","src/ds8_cumulative_semantic_credit_probe.rs",636,"report"
"evaluator_derived_input","PX6","src/ds8_cumulative_semantic_credit_probe.rs",637,"report"
"evaluator_derived_input","PX6","src/ds8_cumulative_semantic_credit_probe.rs",638,"report"
"evaluator_derived_input","PX6","src/ds8_cumulative_semantic_credit_probe.rs",639,"report"
"evaluator_derived_input","PX6","src/ds8_cumulative_semantic_credit_probe.rs",640,"report"
"evaluator_derived_input","PX6","src/ds8_cumulative_semantic_credit_probe.rs",641,"report"
"evaluator_derived_input","PX6","src/ds8_cumulative_semantic_credit_probe.rs",642,"report"
"evaluator_derived_input","PX6","src/ds8_cumulative_semantic_credit_probe.rs",643,"report"
"evaluator_derived_input","PX6","src/ds8_cumulative_semantic_credit_probe.rs",644,"report"
"evaluator_derived_input","PX6","src/ds8_cumulative_semantic_credit_probe.rs",645,"report"
"evaluator_derived_input","PX6","src/ds8_cumulative_semantic_credit_probe.rs",646,"report"
"evaluator_derived_input","PX6","src/ds8_cumulative_semantic_credit_probe.rs",647,"report"
"evaluator_derived_input","PX6","src/ds8_cumulative_semantic_credit_probe.rs",648,"report"
"evaluator_derived_input","PX6","src/ds8_cumulative_semantic_credit_probe.rs",649,"report"
"evaluator_derived_input","PX6","src/ds8_cumulative_semantic_credit_probe.rs",653,"report"
"evaluator_derived_input","PX6","src/ds8_cumulative_semantic_credit_probe.rs",655,"report"
"evaluator_derived_input","PX6","src/ds8_cumulative_semantic_credit_probe.rs",656,"report"
"evaluator_derived_input","PX6","src/ds8_cumulative_semantic_credit_probe.rs",657,"report"
"evaluator_derived_input","PX6","src/ds8_cumulative_semantic_credit_probe.rs",658,"report"
"evaluator_derived_input","PX6","src/ds8_cumulative_semantic_credit_probe.rs",659,"report"
"evaluator_derived_input","PX6","src/ds8_cumulative_semantic_credit_probe.rs",660,"report"
"evaluator_derived_input","PX6","src/ds8_cumulative_semantic_credit_probe.rs",661,"report"
"evaluator_derived_input","PX6","src/ds8_cumulative_semantic_credit_probe.rs",662,"report"
"evaluator_derived_input","PX6","src/ds8_cumulative_semantic_credit_probe.rs",663,"report"
"evaluator_derived_input","PX6","src/ds8_cumulative_semantic_credit_probe.rs",664,"report"
"evaluator_derived_input","PX6","src/ds8_cumulative_semantic_credit_probe.rs",665,"report"
"evaluator_derived_input","PX6","src/ds8_cumulative_semantic_credit_probe.rs",666,"report"
"evaluator_derived_input","PX6","src/ds8_cumulative_semantic_credit_probe.rs",667,"report"
"evaluator_derived_input","PX6","src/ds8_cumulative_semantic_credit_probe.rs",668,"report"
"evaluator_derived_input","PX6","src/ds8_cumulative_semantic_credit_probe.rs",669,"report"
"evaluator_derived_input","PX6","src/ds8_cumulative_semantic_credit_probe.rs",670,"report"
"evaluator_derived_input","PX6","src/ds8_cumulative_semantic_credit_probe.rs",679,"PROBE_SEED"
"evaluator_derived_input","PX6","src/ds8_cumulative_semantic_credit_probe.rs",697,"controls"
"evaluator_derived_input","PX6","src/ds8_cumulative_semantic_credit_probe.rs",711,"PROTOCOL"
"evaluator_derived_input","PX6","src/ds8_cumulative_semantic_credit_probe.rs",712,"PROBE_SEED"
"evaluator_derived_input","PX6","src/ds8_cumulative_semantic_credit_probe.rs",712,"seed"
"evaluator_derived_input","PX6","src/ds8_cumulative_semantic_credit_probe.rs",754,"report"
"evaluator_derived_input","PX6","src/ds8_cumulative_semantic_credit_probe.rs",755,"report"
"evaluator_derived_input","PX6","src/ds8_cumulative_semantic_credit_probe.rs",756,"report"
"evaluator_derived_input","PX6","src/ds8_cumulative_semantic_credit_probe.rs",756,"report"
"evaluator_derived_input","PX6","src/ds8_cumulative_semantic_credit_probe.rs",757,"report"
"evaluator_derived_input","PX6","src/ds8_cumulative_semantic_credit_probe.rs",757,"report"
"evaluator_derived_input","PX7","src/post_m6_ds4_arrival_initiation.rs",10,"GATE_SEEDS"
"evaluator_derived_input","PX7","src/post_m6_ds4_arrival_initiation.rs",1011,"acquisition"
"evaluator_derived_input","PX7","src/post_m6_ds4_arrival_initiation.rs",1013,"controls"
"evaluator_derived_input","PX7","src/post_m6_ds4_arrival_initiation.rs",1020,"PROTOCOL"
"evaluator_derived_input","PX7","src/post_m6_ds4_arrival_initiation.rs",1051,"controls"
"evaluator_derived_input","PX7","src/post_m6_ds4_arrival_initiation.rs",1051,"controls"
"evaluator_derived_input","PX7","src/post_m6_ds4_arrival_initiation.rs",1056,"report"
"evaluator_derived_input","PX7","src/post_m6_ds4_arrival_initiation.rs",1059,"HarnessMode"
"evaluator_derived_input","PX7","src/post_m6_ds4_arrival_initiation.rs",1061,"HarnessMode"
"evaluator_derived_input","PX7","src/post_m6_ds4_arrival_initiation.rs",1061,"MICRO_SEEDS"
"evaluator_derived_input","PX7","src/post_m6_ds4_arrival_initiation.rs",1061,"report"
"evaluator_derived_input","PX7","src/post_m6_ds4_arrival_initiation.rs",1062,"GATE_SEEDS"
"evaluator_derived_input","PX7","src/post_m6_ds4_arrival_initiation.rs",1062,"HarnessMode"
"evaluator_derived_input","PX7","src/post_m6_ds4_arrival_initiation.rs",1062,"report"
"evaluator_derived_input","PX7","src/post_m6_ds4_arrival_initiation.rs",1063,"HarnessMode"
"evaluator_derived_input","PX7","src/post_m6_ds4_arrival_initiation.rs",1064,"PROTOCOL"
"evaluator_derived_input","PX7","src/post_m6_ds4_arrival_initiation.rs",1072,"seed"
"evaluator_derived_input","PX7","src/post_m6_ds4_arrival_initiation.rs",1093,"controls"
"evaluator_derived_input","PX7","src/post_m6_ds4_arrival_initiation.rs",1099,"HarnessMode"
"evaluator_derived_input","PX7","src/post_m6_ds4_arrival_initiation.rs",1099,"report"
"evaluator_derived_input","PX7","src/post_m6_ds4_arrival_initiation.rs",1100,"report"
"evaluator_derived_input","PX7","src/post_m6_ds4_arrival_initiation.rs",1101,"report"
"evaluator_derived_input","PX7","src/post_m6_ds4_arrival_initiation.rs",1102,"report"
"evaluator_derived_input","PX7","src/post_m6_ds4_arrival_initiation.rs",1103,"report"
"evaluator_derived_input","PX7","src/post_m6_ds4_arrival_initiation.rs",1112,"report"
"evaluator_derived_input","PX7","src/post_m6_ds4_arrival_initiation.rs",1113,"report"
"evaluator_derived_input","PX7","src/post_m6_ds4_arrival_initiation.rs",1113,"report"
"evaluator_derived_input","PX7","src/post_m6_ds4_arrival_initiation.rs",1114,"report"
"evaluator_derived_input","PX7","src/post_m6_ds4_arrival_initiation.rs",1115,"report"
"evaluator_derived_input","PX7","src/post_m6_ds4_arrival_initiation.rs",1116,"report"
"evaluator_derived_input","PX7","src/post_m6_ds4_arrival_initiation.rs",1117,"report"
"evaluator_derived_input","PX7","src/post_m6_ds4_arrival_initiation.rs",1118,"report"
"evaluator_derived_input","PX7","src/post_m6_ds4_arrival_initiation.rs",1128,"report"
"evaluator_derived_input","PX7","src/post_m6_ds4_arrival_initiation.rs",1129,"report"
"evaluator_derived_input","PX7","src/post_m6_ds4_arrival_initiation.rs",1129,"report"
"evaluator_derived_input","PX7","src/post_m6_ds4_arrival_initiation.rs",113,"seed"
"evaluator_derived_input","PX7","src/post_m6_ds4_arrival_initiation.rs",1130,"report"
"evaluator_derived_input","PX7","src/post_m6_ds4_arrival_initiation.rs",1131,"report"
"evaluator_derived_input","PX7","src/post_m6_ds4_arrival_initiation.rs",1132,"report"
"evaluator_derived_input","PX7","src/post_m6_ds4_arrival_initiation.rs",1132,"report"
"evaluator_derived_input","PX7","src/post_m6_ds4_arrival_initiation.rs",1132,"report"
"evaluator_derived_input","PX7","src/post_m6_ds4_arrival_initiation.rs",1137,"HarnessMode"
"evaluator_derived_input","PX7","src/post_m6_ds4_arrival_initiation.rs",1137,"report"
"evaluator_derived_input","PX7","src/post_m6_ds4_arrival_initiation.rs",1138,"report"
"evaluator_derived_input","PX7","src/post_m6_ds4_arrival_initiation.rs",1138,"report"
"evaluator_derived_input","PX7","src/post_m6_ds4_arrival_initiation.rs",1139,"report"
"evaluator_derived_input","PX7","src/post_m6_ds4_arrival_initiation.rs",1139,"report"
"evaluator_derived_input","PX7","src/post_m6_ds4_arrival_initiation.rs",1140,"controls"
"evaluator_derived_input","PX7","src/post_m6_ds4_arrival_initiation.rs",1140,"report"
"evaluator_derived_input","PX7","src/post_m6_ds4_arrival_initiation.rs",1141,"report"
"evaluator_derived_input","PX7","src/post_m6_ds4_arrival_initiation.rs",1141,"report"
"evaluator_derived_input","PX7","src/post_m6_ds4_arrival_initiation.rs",1146,"HarnessMode"
"evaluator_derived_input","PX7","src/post_m6_ds4_arrival_initiation.rs",1146,"report"
"evaluator_derived_input","PX7","src/post_m6_ds4_arrival_initiation.rs",1147,"report"
"evaluator_derived_input","PX7","src/post_m6_ds4_arrival_initiation.rs",1147,"report"
"evaluator_derived_input","PX7","src/post_m6_ds4_arrival_initiation.rs",1148,"report"
"evaluator_derived_input","PX7","src/post_m6_ds4_arrival_initiation.rs",1149,"report"
"evaluator_derived_input","PX7","src/post_m6_ds4_arrival_initiation.rs",1150,"report"
"evaluator_derived_input","PX7","src/post_m6_ds4_arrival_initiation.rs",1151,"report"
"evaluator_derived_input","PX7","src/post_m6_ds4_arrival_initiation.rs",1152,"report"
"evaluator_derived_input","PX7","src/post_m6_ds4_arrival_initiation.rs",1153,"controls"
"evaluator_derived_input","PX7","src/post_m6_ds4_arrival_initiation.rs",1153,"report"
"evaluator_derived_input","PX7","src/post_m6_ds4_arrival_initiation.rs",1154,"report"
"evaluator_derived_input","PX7","src/post_m6_ds4_arrival_initiation.rs",1155,"report"
"evaluator_derived_input","PX7","src/post_m6_ds4_arrival_initiation.rs",1155,"report"
"evaluator_derived_input","PX7","src/post_m6_ds4_arrival_initiation.rs",1155,"report"
"evaluator_derived_input","PX7","src/post_m6_ds4_arrival_initiation.rs",165,"PROTOCOL"
"evaluator_derived_input","PX7","src/post_m6_ds4_arrival_initiation.rs",166,"seed"
"evaluator_derived_input","PX7","src/post_m6_ds4_arrival_initiation.rs",229,"seed"
"evaluator_derived_input","PX7","src/post_m6_ds4_arrival_initiation.rs",242,"seed"
"evaluator_derived_input","PX7","src/post_m6_ds4_arrival_initiation.rs",243,"seed"
"evaluator_derived_input","PX7","src/post_m6_ds4_arrival_initiation.rs",262,"seed"
"evaluator_derived_input","PX7","src/post_m6_ds4_arrival_initiation.rs",263,"seed"
"evaluator_derived_input","PX7","src/post_m6_ds4_arrival_initiation.rs",271,"seed"
"evaluator_derived_input","PX7","src/post_m6_ds4_arrival_initiation.rs",272,"seed"
"evaluator_derived_input","PX7","src/post_m6_ds4_arrival_initiation.rs",280,"seed"
"evaluator_derived_input","PX7","src/post_m6_ds4_arrival_initiation.rs",284,"seed"
"evaluator_derived_input","PX7","src/post_m6_ds4_arrival_initiation.rs",293,"seed"
"evaluator_derived_input","PX7","src/post_m6_ds4_arrival_initiation.rs",294,"snapshot"
"evaluator_derived_input","PX7","src/post_m6_ds4_arrival_initiation.rs",295,"seed"
"evaluator_derived_input","PX7","src/post_m6_ds4_arrival_initiation.rs",295,"snapshot"
"evaluator_derived_input","PX7","src/post_m6_ds4_arrival_initiation.rs",3,"HarnessMode"
"evaluator_derived_input","PX7","src/post_m6_ds4_arrival_initiation.rs",310,"seed"
"evaluator_derived_input","PX7","src/post_m6_ds4_arrival_initiation.rs",330,"seed"
"evaluator_derived_input","PX7","src/post_m6_ds4_arrival_initiation.rs",331,"seed"
"evaluator_derived_input","PX7","src/post_m6_ds4_arrival_initiation.rs",331,"snapshot"
"evaluator_derived_input","PX7","src/post_m6_ds4_arrival_initiation.rs",332,"seed"
"evaluator_derived_input","PX7","src/post_m6_ds4_arrival_initiation.rs",332,"snapshot"
"evaluator_derived_input","PX7","src/post_m6_ds4_arrival_initiation.rs",349,"seed"
"evaluator_derived_input","PX7","src/post_m6_ds4_arrival_initiation.rs",353,"seed"
"evaluator_derived_input","PX7","src/post_m6_ds4_arrival_initiation.rs",359,"controls"
"evaluator_derived_input","PX7","src/post_m6_ds4_arrival_initiation.rs",359,"seed"
"evaluator_derived_input","PX7","src/post_m6_ds4_arrival_initiation.rs",360,"seed"
"evaluator_derived_input","PX7","src/post_m6_ds4_arrival_initiation.rs",366,"seed"
"evaluator_derived_input","PX7","src/post_m6_ds4_arrival_initiation.rs",367,"snapshot"
"evaluator_derived_input","PX7","src/post_m6_ds4_arrival_initiation.rs",368,"seed"
"evaluator_derived_input","PX7","src/post_m6_ds4_arrival_initiation.rs",368,"snapshot"
"evaluator_derived_input","PX7","src/post_m6_ds4_arrival_initiation.rs",378,"seed"
"evaluator_derived_input","PX7","src/post_m6_ds4_arrival_initiation.rs",385,"seed"
"evaluator_derived_input","PX7","src/post_m6_ds4_arrival_initiation.rs",385,"snapshot"
"evaluator_derived_input","PX7","src/post_m6_ds4_arrival_initiation.rs",386,"seed"
"evaluator_derived_input","PX7","src/post_m6_ds4_arrival_initiation.rs",386,"snapshot"
"evaluator_derived_input","PX7","src/post_m6_ds4_arrival_initiation.rs",387,"seed"
"evaluator_derived_input","PX7","src/post_m6_ds4_arrival_initiation.rs",390,"seed"
"evaluator_derived_input","PX7","src/post_m6_ds4_arrival_initiation.rs",390,"snapshot"
"evaluator_derived_input","PX7","src/post_m6_ds4_arrival_initiation.rs",391,"seed"
"evaluator_derived_input","PX7","src/post_m6_ds4_arrival_initiation.rs",391,"snapshot"
"evaluator_derived_input","PX7","src/post_m6_ds4_arrival_initiation.rs",395,"seed"
"evaluator_derived_input","PX7","src/post_m6_ds4_arrival_initiation.rs",396,"seed"
"evaluator_derived_input","PX7","src/post_m6_ds4_arrival_initiation.rs",400,"seed"
"evaluator_derived_input","PX7","src/post_m6_ds4_arrival_initiation.rs",401,"seed"
"evaluator_derived_input","PX7","src/post_m6_ds4_arrival_initiation.rs",402,"seed"
"evaluator_derived_input","PX7","src/post_m6_ds4_arrival_initiation.rs",402,"snapshot"
"evaluator_derived_input","PX7","src/post_m6_ds4_arrival_initiation.rs",403,"seed"
"evaluator_derived_input","PX7","src/post_m6_ds4_arrival_initiation.rs",404,"seed"
"evaluator_derived_input","PX7","src/post_m6_ds4_arrival_initiation.rs",404,"snapshot"
"evaluator_derived_input","PX7","src/post_m6_ds4_arrival_initiation.rs",445,"seed"
"evaluator_derived_input","PX7","src/post_m6_ds4_arrival_initiation.rs",446,"seed"
"evaluator_derived_input","PX7","src/post_m6_ds4_arrival_initiation.rs",448,"seed"
"evaluator_derived_input","PX7","src/post_m6_ds4_arrival_initiation.rs",451,"seed"
"evaluator_derived_input","PX7","src/post_m6_ds4_arrival_initiation.rs",452,"seed"
"evaluator_derived_input","PX7","src/post_m6_ds4_arrival_initiation.rs",5,"PROTOCOL"
"evaluator_derived_input","PX7","src/post_m6_ds4_arrival_initiation.rs",666,"acquisition"
"evaluator_derived_input","PX7","src/post_m6_ds4_arrival_initiation.rs",667,"held_out"
"evaluator_derived_input","PX7","src/post_m6_ds4_arrival_initiation.rs",668,"controls"
"evaluator_derived_input","PX7","src/post_m6_ds4_arrival_initiation.rs",671,"snapshot"
"evaluator_derived_input","PX7","src/post_m6_ds4_arrival_initiation.rs",693,"acquisition"
"evaluator_derived_input","PX7","src/post_m6_ds4_arrival_initiation.rs",694,"held_out"
"evaluator_derived_input","PX7","src/post_m6_ds4_arrival_initiation.rs",702,"seed"
"evaluator_derived_input","PX7","src/post_m6_ds4_arrival_initiation.rs",703,"acquisition"
"evaluator_derived_input","PX7","src/post_m6_ds4_arrival_initiation.rs",703,"seed"
"evaluator_derived_input","PX7","src/post_m6_ds4_arrival_initiation.rs",704,"acquisition"
"evaluator_derived_input","PX7","src/post_m6_ds4_arrival_initiation.rs",704,"seed"
"evaluator_derived_input","PX7","src/post_m6_ds4_arrival_initiation.rs",705,"seed"
"evaluator_derived_input","PX7","src/post_m6_ds4_arrival_initiation.rs",708,"seed"
"evaluator_derived_input","PX7","src/post_m6_ds4_arrival_initiation.rs",709,"seed"
"evaluator_derived_input","PX7","src/post_m6_ds4_arrival_initiation.rs",712,"seed"
"evaluator_derived_input","PX7","src/post_m6_ds4_arrival_initiation.rs",713,"acquisition"
"evaluator_derived_input","PX7","src/post_m6_ds4_arrival_initiation.rs",744,"seed"
"evaluator_derived_input","PX7","src/post_m6_ds4_arrival_initiation.rs",745,"held_out"
"evaluator_derived_input","PX7","src/post_m6_ds4_arrival_initiation.rs",746,"fixture"
"evaluator_derived_input","PX7","src/post_m6_ds4_arrival_initiation.rs",752,"fixture"
"evaluator_derived_input","PX7","src/post_m6_ds4_arrival_initiation.rs",776,"seed"
"evaluator_derived_input","PX7","src/post_m6_ds4_arrival_initiation.rs",78,"acquisition"
"evaluator_derived_input","PX7","src/post_m6_ds4_arrival_initiation.rs",78,"seed"
"evaluator_derived_input","PX7","src/post_m6_ds4_arrival_initiation.rs",780,"seed"
"evaluator_derived_input","PX7","src/post_m6_ds4_arrival_initiation.rs",782,"seed"
"evaluator_derived_input","PX7","src/post_m6_ds4_arrival_initiation.rs",783,"seed"
"evaluator_derived_input","PX7","src/post_m6_ds4_arrival_initiation.rs",79,"acquisition"
"evaluator_derived_input","PX7","src/post_m6_ds4_arrival_initiation.rs",79,"seed"
"evaluator_derived_input","PX7","src/post_m6_ds4_arrival_initiation.rs",799,"seed"
"evaluator_derived_input","PX7","src/post_m6_ds4_arrival_initiation.rs",804,"seed"
"evaluator_derived_input","PX7","src/post_m6_ds4_arrival_initiation.rs",809,"seed"
"evaluator_derived_input","PX7","src/post_m6_ds4_arrival_initiation.rs",815,"seed"
"evaluator_derived_input","PX7","src/post_m6_ds4_arrival_initiation.rs",819,"seed"
"evaluator_derived_input","PX7","src/post_m6_ds4_arrival_initiation.rs",820,"seed"
"evaluator_derived_input","PX7","src/post_m6_ds4_arrival_initiation.rs",824,"seed"
"evaluator_derived_input","PX7","src/post_m6_ds4_arrival_initiation.rs",84,"seed"
"evaluator_derived_input","PX7","src/post_m6_ds4_arrival_initiation.rs",840,"controls"
"evaluator_derived_input","PX7","src/post_m6_ds4_arrival_initiation.rs",841,"controls"
"evaluator_derived_input","PX7","src/post_m6_ds4_arrival_initiation.rs",85,"fixture"
"evaluator_derived_input","PX7","src/post_m6_ds4_arrival_initiation.rs",87,"fixture"
"evaluator_derived_input","PX7","src/post_m6_ds4_arrival_initiation.rs",87,"fixture"
"evaluator_derived_input","PX7","src/post_m6_ds4_arrival_initiation.rs",9,"MICRO_SEEDS"
"evaluator_derived_input","PX7","src/post_m6_ds4_arrival_initiation.rs",903,"acquisition"
"evaluator_derived_input","PX7","src/post_m6_ds4_arrival_initiation.rs",903,"held_out"
"evaluator_derived_input","PX7","src/post_m6_ds4_arrival_initiation.rs",929,"acquisition"
"evaluator_derived_input","PX7","src/post_m6_ds4_arrival_initiation.rs",93,"fixture"
"evaluator_derived_input","PX7","src/post_m6_ds4_arrival_initiation.rs",93,"seed"
"evaluator_derived_input","PX7","src/post_m6_ds4_arrival_initiation.rs",930,"held_out"
"evaluator_derived_input","PX7","src/post_m6_ds4_arrival_initiation.rs",931,"controls"
"evaluator_derived_input","PX7","src/post_m6_ds4_arrival_initiation.rs",966,"controls"
"evaluator_derived_input","PX7","src/post_m6_ds4_arrival_initiation.rs",969,"held_out"
"evaluator_derived_input","PX7","src/post_m6_ds4_arrival_initiation.rs",969,"report"
"evaluator_derived_input","PX7","src/post_m6_ds4_arrival_initiation.rs",970,"held_out"
"evaluator_derived_input","PX7","src/post_m6_ds4_arrival_initiation.rs",970,"snapshot"
"evaluator_derived_input","PX7","src/post_m6_ds4_arrival_initiation.rs",971,"held_out"
"evaluator_derived_input","PX7","src/post_m6_ds4_arrival_initiation.rs",971,"snapshot"
"evaluator_derived_input","PX7","src/post_m6_ds4_arrival_initiation.rs",989,"controls"
"evaluator_derived_input","PX7","src/post_m6_ds4_arrival_initiation.rs",989,"controls"
"evaluator_derived_input","PX7","src/post_m6_ds4_arrival_initiation.rs",995,"acquisition"
"evaluator_derived_input","PX7","src/post_m6_ds4_arrival_initiation.rs",995,"held_out"
"evaluator_derived_input","PX8","src/post_m7_ds5_closure_emission.rs",1004,"controls"
"evaluator_derived_input","PX8","src/post_m7_ds5_closure_emission.rs",1012,"controls"
"evaluator_derived_input","PX8","src/post_m7_ds5_closure_emission.rs",1046,"held_out"
"evaluator_derived_input","PX8","src/post_m7_ds5_closure_emission.rs",1047,"controls"
"evaluator_derived_input","PX8","src/post_m7_ds5_closure_emission.rs",1083,"controls"
"evaluator_derived_input","PX8","src/post_m7_ds5_closure_emission.rs",1086,"held_out"
"evaluator_derived_input","PX8","src/post_m7_ds5_closure_emission.rs",1086,"report"
"evaluator_derived_input","PX8","src/post_m7_ds5_closure_emission.rs",1087,"held_out"
"evaluator_derived_input","PX8","src/post_m7_ds5_closure_emission.rs",1087,"snapshot"
"evaluator_derived_input","PX8","src/post_m7_ds5_closure_emission.rs",1088,"held_out"
"evaluator_derived_input","PX8","src/post_m7_ds5_closure_emission.rs",1088,"snapshot"
"evaluator_derived_input","PX8","src/post_m7_ds5_closure_emission.rs",1095,"acquisition"
"evaluator_derived_input","PX8","src/post_m7_ds5_closure_emission.rs",110,"PROTOCOL"
"evaluator_derived_input","PX8","src/post_m7_ds5_closure_emission.rs",1106,"controls"
"evaluator_derived_input","PX8","src/post_m7_ds5_closure_emission.rs",1107,"controls"
"evaluator_derived_input","PX8","src/post_m7_ds5_closure_emission.rs",1107,"controls"
"evaluator_derived_input","PX8","src/post_m7_ds5_closure_emission.rs",111,"seed"
"evaluator_derived_input","PX8","src/post_m7_ds5_closure_emission.rs",1113,"held_out"
"evaluator_derived_input","PX8","src/post_m7_ds5_closure_emission.rs",1117,"acquisition"
"evaluator_derived_input","PX8","src/post_m7_ds5_closure_emission.rs",1119,"controls"
"evaluator_derived_input","PX8","src/post_m7_ds5_closure_emission.rs",1131,"controls"
"evaluator_derived_input","PX8","src/post_m7_ds5_closure_emission.rs",1138,"PROTOCOL"
"evaluator_derived_input","PX8","src/post_m7_ds5_closure_emission.rs",1170,"controls"
"evaluator_derived_input","PX8","src/post_m7_ds5_closure_emission.rs",1170,"controls"
"evaluator_derived_input","PX8","src/post_m7_ds5_closure_emission.rs",1175,"report"
"evaluator_derived_input","PX8","src/post_m7_ds5_closure_emission.rs",1178,"HarnessMode"
"evaluator_derived_input","PX8","src/post_m7_ds5_closure_emission.rs",1180,"HarnessMode"
"evaluator_derived_input","PX8","src/post_m7_ds5_closure_emission.rs",1180,"MICRO_SEEDS"
"evaluator_derived_input","PX8","src/post_m7_ds5_closure_emission.rs",1180,"report"
"evaluator_derived_input","PX8","src/post_m7_ds5_closure_emission.rs",1181,"GATE_SEEDS"
"evaluator_derived_input","PX8","src/post_m7_ds5_closure_emission.rs",1181,"HarnessMode"
"evaluator_derived_input","PX8","src/post_m7_ds5_closure_emission.rs",1181,"report"
"evaluator_derived_input","PX8","src/post_m7_ds5_closure_emission.rs",1182,"HarnessMode"
"evaluator_derived_input","PX8","src/post_m7_ds5_closure_emission.rs",1183,"PROTOCOL"
"evaluator_derived_input","PX8","src/post_m7_ds5_closure_emission.rs",1189,"seed"
"evaluator_derived_input","PX8","src/post_m7_ds5_closure_emission.rs",1213,"controls"
"evaluator_derived_input","PX8","src/post_m7_ds5_closure_emission.rs",1219,"HarnessMode"
"evaluator_derived_input","PX8","src/post_m7_ds5_closure_emission.rs",1219,"report"
"evaluator_derived_input","PX8","src/post_m7_ds5_closure_emission.rs",1220,"report"
"evaluator_derived_input","PX8","src/post_m7_ds5_closure_emission.rs",1221,"report"
"evaluator_derived_input","PX8","src/post_m7_ds5_closure_emission.rs",1222,"report"
"evaluator_derived_input","PX8","src/post_m7_ds5_closure_emission.rs",1223,"report"
"evaluator_derived_input","PX8","src/post_m7_ds5_closure_emission.rs",1232,"report"
"evaluator_derived_input","PX8","src/post_m7_ds5_closure_emission.rs",1233,"report"
"evaluator_derived_input","PX8","src/post_m7_ds5_closure_emission.rs",1233,"report"
"evaluator_derived_input","PX8","src/post_m7_ds5_closure_emission.rs",1234,"report"
"evaluator_derived_input","PX8","src/post_m7_ds5_closure_emission.rs",1235,"report"
"evaluator_derived_input","PX8","src/post_m7_ds5_closure_emission.rs",1236,"report"
"evaluator_derived_input","PX8","src/post_m7_ds5_closure_emission.rs",1241,"report"
"evaluator_derived_input","PX8","src/post_m7_ds5_closure_emission.rs",1242,"report"
"evaluator_derived_input","PX8","src/post_m7_ds5_closure_emission.rs",1242,"report"
"evaluator_derived_input","PX8","src/post_m7_ds5_closure_emission.rs",1243,"report"
"evaluator_derived_input","PX8","src/post_m7_ds5_closure_emission.rs",1243,"report"
"evaluator_derived_input","PX8","src/post_m7_ds5_closure_emission.rs",1244,"report"
"evaluator_derived_input","PX8","src/post_m7_ds5_closure_emission.rs",1244,"report"
"evaluator_derived_input","PX8","src/post_m7_ds5_closure_emission.rs",1244,"report"
"evaluator_derived_input","PX8","src/post_m7_ds5_closure_emission.rs",1249,"HarnessMode"
"evaluator_derived_input","PX8","src/post_m7_ds5_closure_emission.rs",1249,"report"
"evaluator_derived_input","PX8","src/post_m7_ds5_closure_emission.rs",1250,"report"
"evaluator_derived_input","PX8","src/post_m7_ds5_closure_emission.rs",1250,"report"
"evaluator_derived_input","PX8","src/post_m7_ds5_closure_emission.rs",1251,"report"
"evaluator_derived_input","PX8","src/post_m7_ds5_closure_emission.rs",1251,"report"
"evaluator_derived_input","PX8","src/post_m7_ds5_closure_emission.rs",1252,"controls"
"evaluator_derived_input","PX8","src/post_m7_ds5_closure_emission.rs",1252,"report"
"evaluator_derived_input","PX8","src/post_m7_ds5_closure_emission.rs",1257,"HarnessMode"
"evaluator_derived_input","PX8","src/post_m7_ds5_closure_emission.rs",1257,"report"
"evaluator_derived_input","PX8","src/post_m7_ds5_closure_emission.rs",1258,"report"
"evaluator_derived_input","PX8","src/post_m7_ds5_closure_emission.rs",1258,"report"
"evaluator_derived_input","PX8","src/post_m7_ds5_closure_emission.rs",1259,"report"
"evaluator_derived_input","PX8","src/post_m7_ds5_closure_emission.rs",1260,"report"
"evaluator_derived_input","PX8","src/post_m7_ds5_closure_emission.rs",1261,"report"
"evaluator_derived_input","PX8","src/post_m7_ds5_closure_emission.rs",1262,"report"
"evaluator_derived_input","PX8","src/post_m7_ds5_closure_emission.rs",1263,"report"
"evaluator_derived_input","PX8","src/post_m7_ds5_closure_emission.rs",1263,"report"
"evaluator_derived_input","PX8","src/post_m7_ds5_closure_emission.rs",13,"MICRO_SEEDS"
"evaluator_derived_input","PX8","src/post_m7_ds5_closure_emission.rs",14,"GATE_SEEDS"
"evaluator_derived_input","PX8","src/post_m7_ds5_closure_emission.rs",168,"seed"
"evaluator_derived_input","PX8","src/post_m7_ds5_closure_emission.rs",169,"seed"
"evaluator_derived_input","PX8","src/post_m7_ds5_closure_emission.rs",184,"controls"
"evaluator_derived_input","PX8","src/post_m7_ds5_closure_emission.rs",184,"seed"
"evaluator_derived_input","PX8","src/post_m7_ds5_closure_emission.rs",186,"controls"
"evaluator_derived_input","PX8","src/post_m7_ds5_closure_emission.rs",186,"seed"
"evaluator_derived_input","PX8","src/post_m7_ds5_closure_emission.rs",216,"seed"
"evaluator_derived_input","PX8","src/post_m7_ds5_closure_emission.rs",217,"seed"
"evaluator_derived_input","PX8","src/post_m7_ds5_closure_emission.rs",220,"fixture"
"evaluator_derived_input","PX8","src/post_m7_ds5_closure_emission.rs",220,"seed"
"evaluator_derived_input","PX8","src/post_m7_ds5_closure_emission.rs",221,"fixture"
"evaluator_derived_input","PX8","src/post_m7_ds5_closure_emission.rs",221,"fixture"
"evaluator_derived_input","PX8","src/post_m7_ds5_closure_emission.rs",227,"fixture"
"evaluator_derived_input","PX8","src/post_m7_ds5_closure_emission.rs",227,"seed"
"evaluator_derived_input","PX8","src/post_m7_ds5_closure_emission.rs",264,"seed"
"evaluator_derived_input","PX8","src/post_m7_ds5_closure_emission.rs",266,"seed"
"evaluator_derived_input","PX8","src/post_m7_ds5_closure_emission.rs",267,"seed"
"evaluator_derived_input","PX8","src/post_m7_ds5_closure_emission.rs",268,"seed"
"evaluator_derived_input","PX8","src/post_m7_ds5_closure_emission.rs",376,"seed"
"evaluator_derived_input","PX8","src/post_m7_ds5_closure_emission.rs",377,"seed"
"evaluator_derived_input","PX8","src/post_m7_ds5_closure_emission.rs",455,"seed"
"evaluator_derived_input","PX8","src/post_m7_ds5_closure_emission.rs",456,"seed"
"evaluator_derived_input","PX8","src/post_m7_ds5_closure_emission.rs",459,"seed"
"evaluator_derived_input","PX8","src/post_m7_ds5_closure_emission.rs",460,"seed"
"evaluator_derived_input","PX8","src/post_m7_ds5_closure_emission.rs",461,"seed"
"evaluator_derived_input","PX8","src/post_m7_ds5_closure_emission.rs",467,"seed"
"evaluator_derived_input","PX8","src/post_m7_ds5_closure_emission.rs",488,"seed"
"evaluator_derived_input","PX8","src/post_m7_ds5_closure_emission.rs",489,"fixture"
"evaluator_derived_input","PX8","src/post_m7_ds5_closure_emission.rs",494,"fixture"
"evaluator_derived_input","PX8","src/post_m7_ds5_closure_emission.rs",494,"seed"
"evaluator_derived_input","PX8","src/post_m7_ds5_closure_emission.rs",524,"seed"
"evaluator_derived_input","PX8","src/post_m7_ds5_closure_emission.rs",526,"seed"
"evaluator_derived_input","PX8","src/post_m7_ds5_closure_emission.rs",527,"seed"
"evaluator_derived_input","PX8","src/post_m7_ds5_closure_emission.rs",528,"seed"
"evaluator_derived_input","PX8","src/post_m7_ds5_closure_emission.rs",564,"seed"
"evaluator_derived_input","PX8","src/post_m7_ds5_closure_emission.rs",579,"seed"
"evaluator_derived_input","PX8","src/post_m7_ds5_closure_emission.rs",580,"seed"
"evaluator_derived_input","PX8","src/post_m7_ds5_closure_emission.rs",601,"fixture"
"evaluator_derived_input","PX8","src/post_m7_ds5_closure_emission.rs",607,"fixture"
"evaluator_derived_input","PX8","src/post_m7_ds5_closure_emission.rs",607,"seed"
"evaluator_derived_input","PX8","src/post_m7_ds5_closure_emission.rs",64,"seed"
"evaluator_derived_input","PX8","src/post_m7_ds5_closure_emission.rs",7,"HarnessMode"
"evaluator_derived_input","PX8","src/post_m7_ds5_closure_emission.rs",747,"held_out"
"evaluator_derived_input","PX8","src/post_m7_ds5_closure_emission.rs",748,"controls"
"evaluator_derived_input","PX8","src/post_m7_ds5_closure_emission.rs",751,"snapshot"
"evaluator_derived_input","PX8","src/post_m7_ds5_closure_emission.rs",775,"held_out"
"evaluator_derived_input","PX8","src/post_m7_ds5_closure_emission.rs",778,"seed"
"evaluator_derived_input","PX8","src/post_m7_ds5_closure_emission.rs",779,"seed"
"evaluator_derived_input","PX8","src/post_m7_ds5_closure_emission.rs",780,"seed"
"evaluator_derived_input","PX8","src/post_m7_ds5_closure_emission.rs",784,"seed"
"evaluator_derived_input","PX8","src/post_m7_ds5_closure_emission.rs",787,"seed"
"evaluator_derived_input","PX8","src/post_m7_ds5_closure_emission.rs",788,"seed"
"evaluator_derived_input","PX8","src/post_m7_ds5_closure_emission.rs",791,"seed"
"evaluator_derived_input","PX8","src/post_m7_ds5_closure_emission.rs",829,"seed"
"evaluator_derived_input","PX8","src/post_m7_ds5_closure_emission.rs",830,"held_out"
"evaluator_derived_input","PX8","src/post_m7_ds5_closure_emission.rs",868,"seed"
"evaluator_derived_input","PX8","src/post_m7_ds5_closure_emission.rs",9,"PROTOCOL"
"evaluator_derived_input","PX8","src/post_m7_ds5_closure_emission.rs",949,"controls"
"evaluator_derived_input","PX8","src/post_m7_ds5_closure_emission.rs",949,"seed"
"evaluator_derived_input","PX8","src/post_m7_ds5_closure_emission.rs",991,"held_out"
"semantic_condition","PX5","src/ds7_cumulative_plasticity_allocation_gate.rs",153,"correct"
"semantic_condition","PX5","src/ds7_cumulative_plasticity_allocation_gate.rs",156,"correct"
"semantic_condition","PX5","src/ds7_cumulative_plasticity_allocation_gate.rs",158,"correct"
"semantic_condition","PX5","src/ds7_cumulative_plasticity_allocation_gate.rs",167,"productive"
"semantic_condition","PX5","src/ds7_cumulative_plasticity_allocation_gate.rs",175,"productive"
"semantic_condition","PX5","src/ds7_cumulative_plasticity_allocation_gate.rs",236,"correct"
"semantic_condition","PX5","src/ds7_cumulative_plasticity_allocation_gate.rs",239,"correct"
"semantic_condition","PX5","src/ds7_cumulative_plasticity_allocation_gate.rs",241,"correct"
"semantic_condition","PX5","src/ds7_cumulative_plasticity_allocation_gate.rs",243,"correct"
"semantic_condition","PX5","src/ds7_cumulative_plasticity_allocation_gate.rs",245,"correct"
"semantic_condition","PX5","src/ds7_cumulative_plasticity_allocation_gate.rs",247,"correct"
"semantic_condition","PX5","src/ds7_cumulative_plasticity_allocation_gate.rs",248,"correct"
"semantic_condition","PX5","src/ds7_cumulative_plasticity_allocation_gate.rs",250,"correct"
"semantic_condition","PX5","src/ds7_cumulative_plasticity_allocation_gate.rs",252,"correct"
"semantic_condition","PX5","src/ds7_cumulative_plasticity_allocation_gate.rs",345,"passed"
"semantic_condition","PX5","src/ds7_cumulative_plasticity_allocation_gate.rs",353,"passed"
"semantic_condition","PX5","src/ds7_cumulative_plasticity_allocation_gate.rs",395,"passed"
"semantic_condition","PX5","src/ds7_cumulative_plasticity_allocation_gate.rs",416,"passed"
"semantic_condition","PX5","src/ds7_cumulative_plasticity_allocation_gate.rs",416,"passed"
"semantic_condition","PX5","src/ds7_cumulative_plasticity_allocation_gate.rs",421,"passed"
"semantic_condition","PX5","src/ds7_cumulative_plasticity_allocation_gate.rs",433,"passed"
"semantic_condition","PX5","src/ds7_cumulative_plasticity_allocation_gate.rs",434,"passed"
"semantic_condition","PX5","src/ds7_cumulative_plasticity_allocation_gate.rs",49,"passed"
"semantic_condition","PX5","src/ds7_cumulative_plasticity_allocation_gate.rs",57,"passed"
"semantic_condition","PX5","src/ds7_cumulative_plasticity_targeting_probe.rs",31,"passed"
"semantic_condition","PX5","src/ds7_cumulative_plasticity_targeting_probe.rs",435,"passed"
"semantic_condition","PX5","src/ds7_cumulative_plasticity_targeting_probe.rs",47,"passed"
"semantic_condition","PX5","src/ds7_cumulative_plasticity_targeting_probe.rs",535,"passed"
"semantic_condition","PX5","src/ds7_cumulative_plasticity_targeting_probe.rs",536,"passed"
"semantic_condition","PX5","src/ds7_cumulative_plasticity_targeting_probe.rs",58,"passed"
"semantic_condition","PX5","src/ds7_cumulative_plasticity_targeting_probe.rs",596,"productive"
"semantic_condition","PX5","src/ds7_cumulative_plasticity_targeting_probe.rs",627,"outcome"
"semantic_condition","PX5","src/ds7_cumulative_plasticity_targeting_probe.rs",638,"passed"
"semantic_condition","PX5","src/ds7_cumulative_plasticity_targeting_probe.rs",643,"passed"
"semantic_condition","PX5","src/ds7_cumulative_plasticity_targeting_probe.rs",645,"passed"
"semantic_condition","PX5","src/ds7_cumulative_plasticity_targeting_probe.rs",645,"passed"
"semantic_condition","PX5","src/ds7_cumulative_plasticity_targeting_probe.rs",658,"passed"
"semantic_condition","PX5","src/ds7_cumulative_plasticity_targeting_probe.rs",666,"expected"
"semantic_condition","PX5","src/ds7_cumulative_plasticity_targeting_probe.rs",667,"expected"
"semantic_condition","PX5","src/ds7_cumulative_plasticity_targeting_probe.rs",668,"expected"
"semantic_condition","PX5","src/ds7_cumulative_plasticity_targeting_probe.rs",675,"passed"
"semantic_condition","PX5","src/ds7_cumulative_plasticity_targeting_probe.rs",688,"passed"
"semantic_condition","PX5","src/ds7_cumulative_plasticity_targeting_probe.rs",689,"passed"
"semantic_condition","PX6","src/ds8_cumulative_semantic_credit_gate.rs",283,"passed"
"semantic_condition","PX6","src/ds8_cumulative_semantic_credit_gate.rs",286,"passed"
"semantic_condition","PX6","src/ds8_cumulative_semantic_credit_gate.rs",288,"passed"
"semantic_condition","PX6","src/ds8_cumulative_semantic_credit_gate.rs",458,"passed"
"semantic_condition","PX6","src/ds8_cumulative_semantic_credit_gate.rs",505,"passed"
"semantic_condition","PX6","src/ds8_cumulative_semantic_credit_gate.rs",525,"passed"
"semantic_condition","PX6","src/ds8_cumulative_semantic_credit_gate.rs",528,"passed"
"semantic_condition","PX6","src/ds8_cumulative_semantic_credit_gate.rs",529,"passed"
"semantic_condition","PX6","src/ds8_cumulative_semantic_credit_gate.rs",534,"passed"
"semantic_condition","PX6","src/ds8_cumulative_semantic_credit_gate.rs",546,"passed"
"semantic_condition","PX6","src/ds8_cumulative_semantic_credit_gate.rs",547,"passed"
"semantic_condition","PX6","src/ds8_cumulative_semantic_credit_gate.rs",59,"passed"
"semantic_condition","PX6","src/ds8_cumulative_semantic_credit_gate.rs",67,"passed"
"semantic_condition","PX6","src/ds8_cumulative_semantic_credit_probe.rs",35,"passed"
"semantic_condition","PX6","src/ds8_cumulative_semantic_credit_probe.rs",55,"passed"
"semantic_condition","PX6","src/ds8_cumulative_semantic_credit_probe.rs",604,"expected"
"semantic_condition","PX6","src/ds8_cumulative_semantic_credit_probe.rs",631,"passed"
"semantic_condition","PX6","src/ds8_cumulative_semantic_credit_probe.rs",633,"passed"
"semantic_condition","PX6","src/ds8_cumulative_semantic_credit_probe.rs",674,"passed"
"semantic_condition","PX6","src/ds8_cumulative_semantic_credit_probe.rs",675,"passed"
"semantic_condition","PX6","src/ds8_cumulative_semantic_credit_probe.rs",682,"passed"
"semantic_condition","PX6","src/ds8_cumulative_semantic_credit_probe.rs",687,"passed"
"semantic_condition","PX6","src/ds8_cumulative_semantic_credit_probe.rs",694,"contrast"
"semantic_condition","PX6","src/ds8_cumulative_semantic_credit_probe.rs",702,"passed"
"semantic_condition","PX6","src/ds8_cumulative_semantic_credit_probe.rs",707,"passed"
"semantic_condition","PX6","src/ds8_cumulative_semantic_credit_probe.rs",709,"passed"
"semantic_condition","PX6","src/ds8_cumulative_semantic_credit_probe.rs",709,"passed"
"semantic_condition","PX6","src/ds8_cumulative_semantic_credit_probe.rs",726,"passed"
"semantic_condition","PX6","src/ds8_cumulative_semantic_credit_probe.rs",734,"expected"
"semantic_condition","PX6","src/ds8_cumulative_semantic_credit_probe.rs",735,"expected"
"semantic_condition","PX6","src/ds8_cumulative_semantic_credit_probe.rs",736,"expected"
"semantic_condition","PX6","src/ds8_cumulative_semantic_credit_probe.rs",743,"passed"
"semantic_condition","PX6","src/ds8_cumulative_semantic_credit_probe.rs",756,"passed"
"semantic_condition","PX6","src/ds8_cumulative_semantic_credit_probe.rs",757,"passed"
"semantic_condition","PX6","src/ds8_cumulative_semantic_credit_probe.rs",83,"passed"
"semantic_condition","PX6","src/ds8_cumulative_semantic_credit_probe.rs",87,"passed"
"semantic_condition","PX7","src/post_m6_ds4_arrival_initiation.rs",1140,"passed"
"semantic_condition","PX7","src/post_m6_ds4_arrival_initiation.rs",1153,"passed"
"semantic_condition","PX7","src/post_m6_ds4_arrival_initiation.rs",178,"terminal"
"semantic_condition","PX7","src/post_m6_ds4_arrival_initiation.rs",192,"passed"
"semantic_condition","PX7","src/post_m6_ds4_arrival_initiation.rs",262,"productive"
"semantic_condition","PX7","src/post_m6_ds4_arrival_initiation.rs",271,"contrast"
"semantic_condition","PX7","src/post_m6_ds4_arrival_initiation.rs",293,"productive"
"semantic_condition","PX7","src/post_m6_ds4_arrival_initiation.rs",295,"contrast"
"semantic_condition","PX7","src/post_m6_ds4_arrival_initiation.rs",331,"productive"
"semantic_condition","PX7","src/post_m6_ds4_arrival_initiation.rs",332,"contrast"
"semantic_condition","PX7","src/post_m6_ds4_arrival_initiation.rs",366,"productive"
"semantic_condition","PX7","src/post_m6_ds4_arrival_initiation.rs",368,"contrast"
"semantic_condition","PX7","src/post_m6_ds4_arrival_initiation.rs",385,"productive"
"semantic_condition","PX7","src/post_m6_ds4_arrival_initiation.rs",386,"contrast"
"semantic_condition","PX7","src/post_m6_ds4_arrival_initiation.rs",390,"productive"
"semantic_condition","PX7","src/post_m6_ds4_arrival_initiation.rs",391,"contrast"
"semantic_condition","PX7","src/post_m6_ds4_arrival_initiation.rs",402,"productive"
"semantic_condition","PX7","src/post_m6_ds4_arrival_initiation.rs",404,"contrast"
"semantic_condition","PX7","src/post_m6_ds4_arrival_initiation.rs",474,"target_request"
"semantic_condition","PX7","src/post_m6_ds4_arrival_initiation.rs",499,"outcome"
"semantic_condition","PX7","src/post_m6_ds4_arrival_initiation.rs",500,"BindingOutcome"
"semantic_condition","PX7","src/post_m6_ds4_arrival_initiation.rs",504,"BindingOutcome"
"semantic_condition","PX7","src/post_m6_ds4_arrival_initiation.rs",504,"BindingOutcome"
"semantic_condition","PX7","src/post_m6_ds4_arrival_initiation.rs",516,"BindingOutcome"
"semantic_condition","PX7","src/post_m6_ds4_arrival_initiation.rs",516,"answer"
"semantic_condition","PX7","src/post_m6_ds4_arrival_initiation.rs",516,"outcome"
"semantic_condition","PX7","src/post_m6_ds4_arrival_initiation.rs",562,"passed"
"semantic_condition","PX7","src/post_m6_ds4_arrival_initiation.rs",590,"answer"
"semantic_condition","PX7","src/post_m6_ds4_arrival_initiation.rs",591,"expected"
"semantic_condition","PX7","src/post_m6_ds4_arrival_initiation.rs",602,"passed"
"semantic_condition","PX7","src/post_m6_ds4_arrival_initiation.rs",641,"passed"
"semantic_condition","PX7","src/post_m6_ds4_arrival_initiation.rs",845,"passed"
"semantic_condition","PX7","src/post_m6_ds4_arrival_initiation.rs",850,"passed"
"semantic_condition","PX7","src/post_m6_ds4_arrival_initiation.rs",855,"passed"
"semantic_condition","PX7","src/post_m6_ds4_arrival_initiation.rs",860,"passed"
"semantic_condition","PX7","src/post_m6_ds4_arrival_initiation.rs",865,"passed"
"semantic_condition","PX7","src/post_m6_ds4_arrival_initiation.rs",870,"passed"
"semantic_condition","PX7","src/post_m6_ds4_arrival_initiation.rs",875,"passed"
"semantic_condition","PX7","src/post_m6_ds4_arrival_initiation.rs",880,"passed"
"semantic_condition","PX7","src/post_m6_ds4_arrival_initiation.rs",885,"passed"
"semantic_condition","PX7","src/post_m6_ds4_arrival_initiation.rs",890,"passed"
"semantic_condition","PX7","src/post_m6_ds4_arrival_initiation.rs",895,"passed"
"semantic_condition","PX7","src/post_m6_ds4_arrival_initiation.rs",895,"passed"
"semantic_condition","PX7","src/post_m6_ds4_arrival_initiation.rs",900,"passed"
"semantic_condition","PX7","src/post_m6_ds4_arrival_initiation.rs",904,"passed"
"semantic_condition","PX7","src/post_m6_ds4_arrival_initiation.rs",973,"passed"
"semantic_condition","PX7","src/post_m6_ds4_arrival_initiation.rs",989,"passed"
"semantic_condition","PX8","src/post_m7_ds5_closure_emission.rs",1018,"passed"
"semantic_condition","PX8","src/post_m7_ds5_closure_emission.rs",1034,"correct"
"semantic_condition","PX8","src/post_m7_ds5_closure_emission.rs",1100,"correct"
"semantic_condition","PX8","src/post_m7_ds5_closure_emission.rs",1107,"passed"
"semantic_condition","PX8","src/post_m7_ds5_closure_emission.rs",1115,"passed"
"semantic_condition","PX8","src/post_m7_ds5_closure_emission.rs",1158,"correct"
"semantic_condition","PX8","src/post_m7_ds5_closure_emission.rs",123,"answer"
"semantic_condition","PX8","src/post_m7_ds5_closure_emission.rs",123,"terminal"
"semantic_condition","PX8","src/post_m7_ds5_closure_emission.rs",1252,"passed"
"semantic_condition","PX8","src/post_m7_ds5_closure_emission.rs",165,"passed"
"semantic_condition","PX8","src/post_m7_ds5_closure_emission.rs",186,"passed"
"semantic_condition","PX8","src/post_m7_ds5_closure_emission.rs",186,"passed"
"semantic_condition","PX8","src/post_m7_ds5_closure_emission.rs",309,"outcome"
"semantic_condition","PX8","src/post_m7_ds5_closure_emission.rs",310,"BindingOutcome"
"semantic_condition","PX8","src/post_m7_ds5_closure_emission.rs",311,"BindingOutcome"
"semantic_condition","PX8","src/post_m7_ds5_closure_emission.rs",311,"BindingOutcome"
"semantic_condition","PX8","src/post_m7_ds5_closure_emission.rs",367,"terminal"
"semantic_condition","PX8","src/post_m7_ds5_closure_emission.rs",414,"terminal"
"semantic_condition","PX8","src/post_m7_ds5_closure_emission.rs",420,"terminal"
"semantic_condition","PX8","src/post_m7_ds5_closure_emission.rs",422,"terminal"
"semantic_condition","PX8","src/post_m7_ds5_closure_emission.rs",422,"terminal"
"semantic_condition","PX8","src/post_m7_ds5_closure_emission.rs",424,"terminal"
"semantic_condition","PX8","src/post_m7_ds5_closure_emission.rs",433,"terminal"
"semantic_condition","PX8","src/post_m7_ds5_closure_emission.rs",443,"terminal"
"semantic_condition","PX8","src/post_m7_ds5_closure_emission.rs",659,"passed"
"semantic_condition","PX8","src/post_m7_ds5_closure_emission.rs",681,"expected"
"semantic_condition","PX8","src/post_m7_ds5_closure_emission.rs",682,"terminal"
"semantic_condition","PX8","src/post_m7_ds5_closure_emission.rs",686,"answer"
"semantic_condition","PX8","src/post_m7_ds5_closure_emission.rs",718,"passed"
"semantic_condition","PX8","src/post_m7_ds5_closure_emission.rs",735,"correct"
"semantic_condition","PX8","src/post_m7_ds5_closure_emission.rs",763,"correct"
"semantic_condition","PX8","src/post_m7_ds5_closure_emission.rs",852,"correct"
"semantic_condition","PX8","src/post_m7_ds5_closure_emission.rs",852,"terminal"
"semantic_condition","PX8","src/post_m7_ds5_closure_emission.rs",949,"passed"
"semantic_condition","PX8","src/post_m7_ds5_closure_emission.rs",976,"terminal"
"semantic_condition","PX8","src/post_m7_ds5_closure_emission.rs",977,"terminal"
