original_category,primary_kind,layer,path,line,match,semantic_risk,evaluator_input_risk,source_line
"begin_episode","episode_reset_boundary","PX8","src/post_m7_ds5_closure_emission.rs",573,"begin_episode",0,0,"    operation.lookup.begin_episode();"
"erase_temporary","manual_temporary_cleanup","PX8","src/post_m7_ds5_closure_emission.rs",637,"erase_temporary",0,0,"    operation.lookup.erase_temporary();"
"explicit_mechanism_invocation","explicit_mechanism_invocation","PX4","src/ds6_cumulative_lifetime_probe.rs",765,"frozen_m3::source_ok(",1,0,"            passed: frozen_m3::source_ok(),"
"explicit_mechanism_invocation","explicit_mechanism_invocation","PX4","src/ds6_cumulative_lifetime_probe.rs",786,"frozen_m3::run_arm_a(",0,0,"        frozen_m3::run_arm_a(),"
"explicit_mechanism_invocation","explicit_mechanism_invocation","PX4","src/ds6_cumulative_lifetime_probe.rs",846,"frozen_m3::run_micro_cell(",0,0,"        frozen_m3::run_micro_cell(107_000, false),"
"explicit_mechanism_invocation","explicit_mechanism_invocation","PX4","src/ds6_cumulative_lifetime_probe.rs",847,"frozen_m3::run_micro_cell(",0,0,"        frozen_m3::run_micro_cell(108_000, true),"
"explicit_mechanism_invocation","explicit_mechanism_invocation","PX4","src/ds6_cumulative_lifetime_probe.rs",897,"frozen_m3::run_matched_cell(",0,0,"        frozen_m3::run_matched_cell(109_000, false),"
"explicit_mechanism_invocation","explicit_mechanism_invocation","PX4","src/ds6_cumulative_lifetime_probe.rs",898,"frozen_m3::run_matched_cell(",0,0,"        frozen_m3::run_matched_cell(110_000, true),"
"explicit_mechanism_invocation","explicit_mechanism_invocation","PX5","src/ds7_cumulative_plasticity_allocation_gate.rs",352,"frozen_m4::authority_exact(",0,1,"        let cumulative_m4 = frozen_m4::authority_exact(seed);"
"explicit_mechanism_invocation","explicit_mechanism_invocation","PX5","src/ds7_cumulative_plasticity_allocation_gate.rs",408,"frozen_allocator::run_gate_cell(",0,1,"                .map(move |load| frozen_allocator::run_gate_cell(seed, load))"
"explicit_mechanism_invocation","explicit_mechanism_invocation","PX5","src/ds7_cumulative_plasticity_targeting_probe.rs",434,"frozen_m3::run_gate_cell(",0,1,"        let cell = frozen_m3::run_gate_cell(seed);"
"explicit_mechanism_invocation","explicit_mechanism_invocation","PX5","src/ds7_cumulative_plasticity_targeting_probe.rs",619,"frozen_m4::authority_exact(",0,1,"    let m4_exact = frozen_m4::authority_exact(PROBE_SEED);"
"explicit_mechanism_invocation","explicit_mechanism_invocation","PX6","src/ds8_cumulative_semantic_credit_gate.rs",518,"frozen_linker::run_cell(",0,1,"                .map(move |load| frozen_linker::run_cell(seed, load, controls))"
"explicit_mechanism_invocation","explicit_mechanism_invocation","PX6","src/ds8_cumulative_semantic_credit_probe.rs",679,"frozen_m5::run_internal(",0,1,"    let internal = frozen_m5::run_internal(PROBE_SEED);"
"explicit_mechanism_invocation","explicit_mechanism_invocation","PX7","src/post_m6_ds4_arrival_initiation.rs",105,"frozen_m3::ds4_event_state(",0,0,"        let state = frozen_m3::ds4_event_state(&gate.0);"
"explicit_mechanism_invocation","explicit_mechanism_invocation","PX7","src/post_m6_ds4_arrival_initiation.rs",129,"frozen_pre_m6_ds4::run_probe(",0,0,"    let old = frozen_pre_m6_ds4::run_probe();"
"explicit_mechanism_invocation","explicit_mechanism_invocation","PX7","src/post_m6_ds4_arrival_initiation.rs",510,"frozen_m6::apply_recurrence(",0,0,"            acquire && selected && super::frozen_m6::apply_recurrence(credit, recurrent_activity);"
"explicit_mechanism_invocation","explicit_mechanism_invocation","PX7","src/post_m6_ds4_arrival_initiation.rs",705,"frozen_pre_m6_ds4::arrival_gate(",0,1,"        let Some(mut event_gate) = frozen_pre_m6_ds4::arrival_gate(seed, 2) else {"
"explicit_mechanism_invocation","explicit_mechanism_invocation","PX7","src/post_m6_ds4_arrival_initiation.rs",708,"frozen_request::session(",0,1,"        let mut request = frozen_request::session(seed as usize);"
"explicit_mechanism_invocation","explicit_mechanism_invocation","PX7","src/post_m6_ds4_arrival_initiation.rs",709,"frozen_m6::credit_gate(",0,1,"        let mut credit = frozen_m6::credit_gate(seed);"
"explicit_mechanism_invocation","explicit_mechanism_invocation","PX7","src/post_m6_ds4_arrival_initiation.rs",714,"frozen_pre_m6_ds4::arrival_activity(",0,0,"            let activity = frozen_pre_m6_ds4::arrival_activity("
"explicit_mechanism_invocation","explicit_mechanism_invocation","PX7","src/post_m6_ds4_arrival_initiation.rs",720,"frozen_request::step(",0,0,"                frozen_request::step(&mut request, &mut credit, activity.completion, true, false);"
"explicit_mechanism_invocation","explicit_mechanism_invocation","PX7","src/post_m6_ds4_arrival_initiation.rs",728,"frozen_request::ready(",0,0,"            if frozen_request::ready(&request) {"
"explicit_mechanism_invocation","explicit_mechanism_invocation","PX7","src/post_m6_ds4_arrival_initiation.rs",737,"frozen_request::roles(",0,0,"        single_roles += usize::from(frozen_request::roles(&request) == 1);"
"explicit_mechanism_invocation","explicit_mechanism_invocation","PX7","src/post_m6_ds4_arrival_initiation.rs",738,"frozen_m6::credit_state(",0,0,"        credit_observations += frozen_m6::credit_state(&credit).observations;"
"explicit_mechanism_invocation","explicit_mechanism_invocation","PX7","src/post_m6_ds4_arrival_initiation.rs",740,"frozen_pre_m6_ds4::arrival_state(",0,0,"        let before_m3 = frozen_pre_m6_ds4::arrival_state(&event_gate);"
"explicit_mechanism_invocation","explicit_mechanism_invocation","PX7","src/post_m6_ds4_arrival_initiation.rs",741,"frozen_request::fingerprint(",0,0,"        let before_p4 = frozen_request::fingerprint(&request);"
"explicit_mechanism_invocation","explicit_mechanism_invocation","PX7","src/post_m6_ds4_arrival_initiation.rs",742,"frozen_m6::credit_state(",0,0,"        let before_m6 = frozen_m6::credit_state(&credit);"
"explicit_mechanism_invocation","explicit_mechanism_invocation","PX7","src/post_m6_ds4_arrival_initiation.rs",752,"frozen_pre_m6_ds4::arrival_activity(",0,1,"                frozen_pre_m6_ds4::arrival_activity(&mut event_gate, event_seed, fixture);"
"explicit_mechanism_invocation","explicit_mechanism_invocation","PX7","src/post_m6_ds4_arrival_initiation.rs",755,"frozen_request::step(",0,0,"                frozen_request::step(&mut request, &mut credit, activity.completion, false, false);"
"explicit_mechanism_invocation","explicit_mechanism_invocation","PX7","src/post_m6_ds4_arrival_initiation.rs",766,"frozen_pre_m6_ds4::arrival_state(",0,0,"        m3_nonplastic &= before_m3 == frozen_pre_m6_ds4::arrival_state(&event_gate);"
"explicit_mechanism_invocation","explicit_mechanism_invocation","PX7","src/post_m6_ds4_arrival_initiation.rs",767,"frozen_request::fingerprint(",0,0,"        p4_nonplastic &= before_p4 == frozen_request::fingerprint(&request);"
"explicit_mechanism_invocation","explicit_mechanism_invocation","PX7","src/post_m6_ds4_arrival_initiation.rs",768,"frozen_m6::credit_state(",0,0,"        m6_nonplastic &= before_m6 == frozen_m6::credit_state(&credit);"
"explicit_mechanism_invocation","explicit_mechanism_invocation","PX7","src/post_m6_ds4_arrival_initiation.rs",770,"frozen_request::step(",0,0,"        let no_arrival_step = frozen_request::step(&mut request, &mut credit, 0, false, false);"
"explicit_mechanism_invocation","explicit_mechanism_invocation","PX7","src/post_m6_ds4_arrival_initiation.rs",776,"frozen_pre_m6_ds4::arrival_gate(",0,1,"        let mut weak_gate = frozen_pre_m6_ds4::arrival_gate(seed + 200_000, 1);"
"explicit_mechanism_invocation","explicit_mechanism_invocation","PX7","src/post_m6_ds4_arrival_initiation.rs",780,"frozen_pre_m6_ds4::arrival_activity(",0,1,"                frozen_pre_m6_ds4::arrival_activity(gate, seed + 200_100, ArrivalFixture::Standard)"
"explicit_mechanism_invocation","explicit_mechanism_invocation","PX7","src/post_m6_ds4_arrival_initiation.rs",782,"frozen_request::session(",0,1,"        let mut weak_request = frozen_request::session((seed + 200_000) as usize);"
"explicit_mechanism_invocation","explicit_mechanism_invocation","PX7","src/post_m6_ds4_arrival_initiation.rs",783,"frozen_m6::credit_gate(",0,1,"        let mut weak_credit = frozen_m6::credit_gate(seed + 200_000);"
"explicit_mechanism_invocation","explicit_mechanism_invocation","PX7","src/post_m6_ds4_arrival_initiation.rs",784,"frozen_request::step(",0,0,"        let weak_step = frozen_request::step("
"explicit_mechanism_invocation","explicit_mechanism_invocation","PX7","src/post_m6_ds4_arrival_initiation.rs",79,"frozen_m3::ds4_event_gate(",0,1,"        frozen_m3::ds4_event_gate(seed, acquisition).map(ArrivalGate)"
"explicit_mechanism_invocation","explicit_mechanism_invocation","PX7","src/post_m6_ds4_arrival_initiation.rs",797,"frozen_pre_m6_ds4::arrival_activity(",0,0,"        let missing = frozen_pre_m6_ds4::arrival_activity("
"explicit_mechanism_invocation","explicit_mechanism_invocation","PX7","src/post_m6_ds4_arrival_initiation.rs",802,"frozen_pre_m6_ds4::arrival_activity(",0,0,"        let invalid = frozen_pre_m6_ds4::arrival_activity("
"explicit_mechanism_invocation","explicit_mechanism_invocation","PX7","src/post_m6_ds4_arrival_initiation.rs",807,"frozen_pre_m6_ds4::arrival_activity(",0,0,"        let reentry = frozen_pre_m6_ds4::arrival_activity("
"explicit_mechanism_invocation","explicit_mechanism_invocation","PX7","src/post_m6_ds4_arrival_initiation.rs",815,"frozen_pre_m6_ds4::arrival_gate(",0,1,"        let Some(mut symmetric_event) = frozen_pre_m6_ds4::arrival_gate(seed + 300_000, 2) else {"
"explicit_mechanism_invocation","explicit_mechanism_invocation","PX7","src/post_m6_ds4_arrival_initiation.rs",819,"frozen_request::session(",0,1,"        let mut symmetric_request = frozen_request::session((seed + 300_000) as usize);"
"explicit_mechanism_invocation","explicit_mechanism_invocation","PX7","src/post_m6_ds4_arrival_initiation.rs",820,"frozen_m6::credit_gate(",0,1,"        let mut symmetric_credit = frozen_m6::credit_gate(seed + 300_000);"
"explicit_mechanism_invocation","explicit_mechanism_invocation","PX7","src/post_m6_ds4_arrival_initiation.rs",822,"frozen_pre_m6_ds4::arrival_activity(",0,0,"            let activity = frozen_pre_m6_ds4::arrival_activity("
"explicit_mechanism_invocation","explicit_mechanism_invocation","PX7","src/post_m6_ds4_arrival_initiation.rs",827,"frozen_request::step(",0,0,"            let _ = frozen_request::step("
"explicit_mechanism_invocation","explicit_mechanism_invocation","PX7","src/post_m6_ds4_arrival_initiation.rs",835,"frozen_request::ready(",0,0,"        symmetric_rejected &= !frozen_request::ready(&symmetric_request)"
"explicit_mechanism_invocation","explicit_mechanism_invocation","PX7","src/post_m6_ds4_arrival_initiation.rs",836,"frozen_request::roles(",0,0,"            && frozen_request::roles(&symmetric_request) == 0"
"explicit_mechanism_invocation","explicit_mechanism_invocation","PX7","src/post_m6_ds4_arrival_initiation.rs",837,"frozen_m6::credit_state(",0,0,"            && frozen_m6::credit_state(&symmetric_credit).observations == 0;"
"explicit_mechanism_invocation","explicit_mechanism_invocation","PX7","src/post_m6_ds4_arrival_initiation.rs",840,"frozen_m6::controls(",0,1,"    let credit_controls = frozen_m6::controls(seeds.first().copied().unwrap_or(PROBE_RETRY_SEED));"
"explicit_mechanism_invocation","explicit_mechanism_invocation","PX7","src/post_m6_ds4_arrival_initiation.rs",93,"frozen_m3::event_completion_activity(",0,1,"        let activity = frozen_m3::event_completion_activity(&mut gate.0, seed, fixture);"
"explicit_mechanism_invocation","explicit_mechanism_invocation","PX8","src/post_m7_ds5_closure_emission.rs",169,"frozen_m6::credit_gate(",0,1,"        Credit(frozen_m6::credit_gate(seed))"
"explicit_mechanism_invocation","explicit_mechanism_invocation","PX8","src/post_m7_ds5_closure_emission.rs",173,"frozen_m6::apply_recurrence(",0,0,"        frozen_m6::apply_recurrence(&mut credit.0, activity)"
"explicit_mechanism_invocation","explicit_mechanism_invocation","PX8","src/post_m7_ds5_closure_emission.rs",177,"frozen_m6::credit_state(",0,0,"        let state = frozen_m6::credit_state(&credit.0);"
"explicit_mechanism_invocation","explicit_mechanism_invocation","PX8","src/post_m7_ds5_closure_emission.rs",186,"frozen_m6::controls(",1,1,"            passed: frozen_m6::controls(seed).passed(),"
"explicit_mechanism_invocation","explicit_mechanism_invocation","PX8","src/post_m7_ds5_closure_emission.rs",217,"frozen_m3::ds4_event_gate(",0,1,"        frozen_m3::ds4_event_gate(seed, 2).map(Gate)"
"explicit_mechanism_invocation","explicit_mechanism_invocation","PX8","src/post_m7_ds5_closure_emission.rs",227,"frozen_m3::event_completion_activity(",0,1,"        let activity = frozen_m3::event_completion_activity(&mut gate.0, seed, fixture);"
"explicit_mechanism_invocation","explicit_mechanism_invocation","PX8","src/post_m7_ds5_closure_emission.rs",237,"frozen_m3::ds4_event_state(",0,0,"        let state = frozen_m3::ds4_event_state(&gate.0);"
"explicit_mechanism_invocation","explicit_mechanism_invocation","PX8","src/post_m7_ds5_closure_emission.rs",318,"frozen_cumulative::differential(",0,0,"        let update = consequence && frozen_cumulative::differential(credit, connected);"
"explicit_mechanism_invocation","explicit_mechanism_invocation","PX8","src/post_m7_ds5_closure_emission.rs",456,"frozen_event::gate(",0,1,"        let event = frozen_event::gate(seed)?;"
"explicit_mechanism_invocation","explicit_mechanism_invocation","PX8","src/post_m7_ds5_closure_emission.rs",460,"frozen_cumulative::credit(",0,1,"            credit: frozen_cumulative::credit(seed + 20_000),"
"explicit_mechanism_invocation","explicit_mechanism_invocation","PX8","src/post_m7_ds5_closure_emission.rs",465,"frozen_event::activity(",0,0,"            let activity = frozen_event::activity("
"explicit_mechanism_invocation","explicit_mechanism_invocation","PX8","src/post_m7_ds5_closure_emission.rs",494,"frozen_event::activity(",0,1,"        let activity = frozen_event::activity(&mut self.event, seed, fixture);"
"explicit_mechanism_invocation","explicit_mechanism_invocation","PX8","src/post_m7_ds5_closure_emission.rs",511,"frozen_event::state(",0,0,"            frozen_event::state(&self.event),"
"explicit_mechanism_invocation","explicit_mechanism_invocation","PX8","src/post_m7_ds5_closure_emission.rs",512,"frozen_cumulative::state(",0,0,"            frozen_cumulative::state(&self.credit),"
"explicit_mechanism_invocation","explicit_mechanism_invocation","PX8","src/post_m7_ds5_closure_emission.rs",526,"frozen_event::gate(",0,1,"            event: frozen_event::gate(seed)?,"
"explicit_mechanism_invocation","explicit_mechanism_invocation","PX8","src/post_m7_ds5_closure_emission.rs",528,"frozen_cumulative::credit(",0,1,"            credit: frozen_cumulative::credit(seed + 20_000),"
"explicit_mechanism_invocation","explicit_mechanism_invocation","PX8","src/post_m7_ds5_closure_emission.rs",535,"frozen_event::state(",0,0,"            frozen_event::state(&self.event),"
"explicit_mechanism_invocation","explicit_mechanism_invocation","PX8","src/post_m7_ds5_closure_emission.rs",536,"frozen_cumulative::state(",0,0,"            frozen_cumulative::state(&self.credit),"
"explicit_mechanism_invocation","explicit_mechanism_invocation","PX8","src/post_m7_ds5_closure_emission.rs",607,"frozen_event::activity(",0,1,"                let activity = frozen_event::activity(&mut path.event, seed, fixture);"
"explicit_mechanism_invocation","explicit_mechanism_invocation","PX8","src/post_m7_ds5_closure_emission.rs",824,"frozen_cumulative::state(",0,0,"        observations += frozen_cumulative::state(&path.credit).observations;"
"explicit_mechanism_invocation","explicit_mechanism_invocation","PX8","src/post_m7_ds5_closure_emission.rs",949,"frozen_cumulative::controls(",1,1,"        control_results[5] &= frozen_cumulative::controls(seed + 800_000).passed;"
"seed_built_development","seed_history_synthesis","PX4","src/ds6_cumulative_lifetime_probe.rs",183,"event(seed",0,1,"        fn event(seed: u64, relation: u8) -> (ChunkSignature, bool) {"
"seed_built_development","evaluator_derived_input","PX4","src/ds6_cumulative_lifetime_probe.rs",184,"fixture(seed",0,1,"            let stream = fixture(seed, &[3], &[7, 7, 7], relation);"
"seed_built_development","seed_history_synthesis","PX4","src/ds6_cumulative_lifetime_probe.rs",191,"event_len(seed",0,1,"        fn event_len(seed: u64, relation: u8, length: usize) -> (ChunkSignature, bool) {"
"seed_built_development","evaluator_derived_input","PX4","src/ds6_cumulative_lifetime_probe.rs",193,"fixture(seed",0,1,"            let stream = fixture(seed, &[length], &shapes, relation);"
"seed_built_development","seed_history_synthesis","PX4","src/ds6_cumulative_lifetime_probe.rs",200,"broken_event(seed",0,1,"        fn broken_event(seed: u64, relation: u8) -> (ChunkSignature, bool) {"
"seed_built_development","evaluator_derived_input","PX4","src/ds6_cumulative_lifetime_probe.rs",201,"fixture(seed",0,1,"            let mut stream = fixture(seed, &[3], &[7, 7, 7], relation);"
"seed_built_development","seed_history_synthesis","PX4","src/ds6_cumulative_lifetime_probe.rs",341,"event(seed",0,1,"                life.observe(event(seed + ordinal as u64, 100 + ordinal).0);"
"seed_built_development","seed_history_synthesis","PX4","src/ds6_cumulative_lifetime_probe.rs",349,"event(seed",0,1,"                life.observe(event(seed + ordinal as u64, 120 + ordinal).0);"
"seed_built_development","seed_history_synthesis","PX4","src/ds6_cumulative_lifetime_probe.rs",356,"event(seed",0,1,"                life.observe(event(seed + ordinal as u64, relation).0);"
"seed_built_development","seed_history_synthesis","PX4","src/ds6_cumulative_lifetime_probe.rs",369,"event(seed",0,1,"                    let key = event(seed + *relation as u64 * 100 + ordinal as u64, *relation).0;"
"seed_built_development","seed_history_synthesis","PX4","src/ds6_cumulative_lifetime_probe.rs",375,"event(seed",0,1,"                .map(|relation| event(seed + 20_000 + relation as u64, relation).0)"
"seed_built_development","seed_history_synthesis","PX4","src/ds6_cumulative_lifetime_probe.rs",382,"event(seed",0,1,"                let key = event(seed + 30_000 + relation as u64, relation).0;"
"seed_built_development","seed_history_synthesis","PX4","src/ds6_cumulative_lifetime_probe.rs",390,"event(seed",0,1,"                    !life.available(&event(seed + 31_000 + *relation as u64, *relation).0)"
"seed_built_development","seed_history_synthesis","PX4","src/ds6_cumulative_lifetime_probe.rs",396,"event(seed",0,1,"            let gap_key = event(seed + 41_000, 40).0;"
"seed_built_development","seed_history_synthesis","PX4","src/ds6_cumulative_lifetime_probe.rs",405,"event(seed",0,1,"            let long_key = event(seed + 45_000, 41).0;"
"seed_built_development","seed_history_synthesis","PX4","src/ds6_cumulative_lifetime_probe.rs",413,"event(seed",0,1,"            let original = event(seed + 51_000, 50).0;"
"seed_built_development","seed_history_synthesis","PX4","src/ds6_cumulative_lifetime_probe.rs",414,"broken_event(seed",0,1,"            let (changed, broken) = broken_event(seed + 51_001, 50);"
"seed_built_development","seed_history_synthesis","PX4","src/ds6_cumulative_lifetime_probe.rs",424,"event(seed",0,1,"                let key = event(seed + 60_000 + relation as u64, relation).0;"
"seed_built_development","seed_history_synthesis","PX4","src/ds6_cumulative_lifetime_probe.rs",433,"event(seed",0,1,"                no_pressure.observe(event(seed + 70_000 + relation as u64, relation).0);"
"seed_built_development","seed_history_synthesis","PX4","src/ds6_cumulative_lifetime_probe.rs",438,"event(seed",0,1,"                *key == event(seed ^ 0x5a5a_5a5a, relation).0"
"seed_built_development","seed_history_synthesis","PX4","src/ds6_cumulative_lifetime_probe.rs",479,"event(seed",0,1,"                let key = event(seed + 20_000 + index as u64, relation).0;"
"seed_built_development","seed_history_synthesis","PX4","src/ds6_cumulative_lifetime_probe.rs",482,"event((seed",0,1,"                let relabelled = event((seed ^ 0x6d6d_0000) + index as u64, relation).0;"
"seed_built_development","seed_history_synthesis","PX4","src/ds6_cumulative_lifetime_probe.rs",492,"event(seed",0,1,"                let key = event(seed + 31_000 + index as u64, relation).0;"
"seed_built_development","seed_history_synthesis","PX4","src/ds6_cumulative_lifetime_probe.rs",499,"event(seed",0,1,"            let high_key = event(seed + 40_100, 40).0;"
"seed_built_development","seed_history_synthesis","PX4","src/ds6_cumulative_lifetime_probe.rs",505,"event(seed",0,1,"            let low_key = event(seed + 42_100, 41).0;"
"seed_built_development","seed_history_synthesis","PX4","src/ds6_cumulative_lifetime_probe.rs",511,"event(seed",0,1,"            let reuse_key = event(seed + 44_100, 42).0;"
"seed_built_development","seed_history_synthesis","PX4","src/ds6_cumulative_lifetime_probe.rs",519,"event(seed",0,1,"                oneoffs.observe(event(seed + 50_000 + relation as u64, relation).0);"
"seed_built_development","seed_history_synthesis","PX4","src/ds6_cumulative_lifetime_probe.rs",522,"event(seed",0,1,"                !oneoffs.available(&event(seed + 51_000 + relation as u64, relation).0)"
"seed_built_development","seed_history_synthesis","PX4","src/ds6_cumulative_lifetime_probe.rs",525,"event(seed",0,1,"            let reacquired = oneoffs.available(&event(seed + 52_100, 50).0);"
"seed_built_development","seed_history_synthesis","PX4","src/ds6_cumulative_lifetime_probe.rs",529,"event(seed",0,1,"            let original = event(seed + 53_100, 60).0;"
"seed_built_development","seed_history_synthesis","PX4","src/ds6_cumulative_lifetime_probe.rs",530,"broken_event(seed",0,1,"            let (changed, broken) = broken_event(seed + 53_101, 60);"
"seed_built_development","seed_history_synthesis","PX4","src/ds6_cumulative_lifetime_probe.rs",535,"event(seed",0,1,"                no_pressure.observe(event(seed + 54_000 + relation as u64, relation).0);"
"seed_built_development","seed_history_synthesis","PX4","src/ds6_cumulative_lifetime_probe.rs",544,"event(seed",0,1,"                fresh_layout_exact &= event(seed ^ 0xffff, 90).0 == event(seed, 90).0;"
"seed_built_development","seed_history_synthesis","PX4","src/ds6_cumulative_lifetime_probe.rs",544,"event(seed",0,1,"                fresh_layout_exact &= event(seed ^ 0xffff, 90).0 == event(seed, 90).0;"
"seed_built_development","seed_history_synthesis","PX4","src/ds6_cumulative_lifetime_probe.rs",574,"event(seed",0,1,"            let key = event(seed + 900, 10).0;"
"seed_built_development","seed_history_synthesis","PX4","src/ds6_cumulative_lifetime_probe.rs",582,"event(seed",0,1,"            let key = event(seed + 900, 11).0;"
"seed_built_development","seed_history_synthesis","PX4","src/ds6_cumulative_lifetime_probe.rs",642,"event(seed",0,1,"                ascending.observe(event(seed + 141_000 + ordinal as u64, 80 + ordinal).0);"
"seed_built_development","seed_history_synthesis","PX4","src/ds6_cumulative_lifetime_probe.rs",643,"event(seed",0,1,"                descending.observe(event(seed + 141_000 + ordinal as u64, 111 - ordinal).0);"
"seed_built_development","seed_history_synthesis","PX4","src/ds6_cumulative_lifetime_probe.rs",645,"event(seed",0,1,"            let target = event(seed + 142_000, 70).0;"
"seed_built_development","seed_history_synthesis","PX4","src/ds6_cumulative_lifetime_probe.rs",653,"event(seed",0,1,"                let load_target = event(seed + 151_000 + index as u64, 71).0;"
"seed_built_development","seed_history_synthesis","PX4","src/ds6_cumulative_lifetime_probe.rs",655,"event(seed",0,1,"                    life.observe(event(seed + 152_000 + ordinal as u64, 80 + ordinal).0);"
"seed_built_development","seed_history_synthesis","PX4","src/ds6_cumulative_lifetime_probe.rs",660,"event(seed",0,1,"                    !life.available(&event(seed + 153_000 + ordinal as u64, 80 + ordinal).0)"
"seed_built_development","seed_history_synthesis","PX4","src/ds6_cumulative_lifetime_probe.rs",666,"event(seed",0,1,"            let gap_key = event(seed + 160_900, 72).0;"
"seed_built_development","seed_history_synthesis","PX4","src/ds6_cumulative_lifetime_probe.rs",677,"event(seed",0,1,"            let removed_key = event(seed + 163_900, 73).0;"
"seed_built_development","seed_history_synthesis","PX4","src/ds6_cumulative_lifetime_probe.rs",683,"event_len(seed",0,1,"            let old_key = event_len(seed + 170_000, 74, 3).0;"
"seed_built_development","seed_history_synthesis","PX4","src/ds6_cumulative_lifetime_probe.rs",684,"event_len(seed",0,1,"            let changed_key = event_len(seed + 170_001, 74, 2).0;"
"seed_built_development","seed_history_synthesis","PX4","src/ds6_cumulative_lifetime_probe.rs",687,"event_len(seed",0,1,"                old_base.observe(event_len(seed + 171_000 + ordinal, 74, 3).0);"
"seed_built_development","seed_history_synthesis","PX4","src/ds6_cumulative_lifetime_probe.rs",695,"event_len(seed",0,1,"                    branch.observe(event_len(seed + 172_000 + ordinal as u64, 74, 2).0);"
"seed_built_development","seed_history_synthesis","PX4","src/ds6_cumulative_lifetime_probe.rs",699,"event_len(seed",0,1,"                contradiction_history &= !branch.available(&event_len(seed + 173_000, 74, 4).0);"
"seed_built_development","seed_history_synthesis","PX4","src/ds6_cumulative_lifetime_probe.rs",702,"event_len(seed",0,1,"                    branch.observe(event_len(seed + 174_000, 74, 3).0);"
"seed_built_development","seed_history_synthesis","PX4","src/ds6_cumulative_lifetime_probe.rs",711,"event(seed",0,1,"                event(seed ^ 0xa5a5_0000, relation).1"
"seed_built_development","seed_history_synthesis","PX4","src/ds6_cumulative_lifetime_probe.rs",712,"event(seed",0,1,"                    && event(seed ^ 0x5a5a_0000, relation).0 == event(seed, relation).0"
"seed_built_development","seed_history_synthesis","PX4","src/ds6_cumulative_lifetime_probe.rs",712,"event(seed",0,1,"                    && event(seed ^ 0x5a5a_0000, relation).0 == event(seed, relation).0"
"seed_built_development","seed_history_synthesis","PX4","src/ds6_cumulative_lifetime_probe.rs",716,"event(seed",0,1,"                keep_all.observe(event(seed + 180_000 + relation as u64, relation).0);"
"seed_built_development","seed_history_synthesis","PX4","src/ds6_cumulative_lifetime_probe.rs",720,"event(seed",0,1,"                shuffled.observe(event(seed + 181_000 + relation as u64, relation).0);"
"seed_built_development","seed_history_synthesis","PX5","src/ds7_cumulative_plasticity_allocation_gate.rs",278,"route(seed, seed",0,1,"        let route = route(seed, seed % 1_000_000 != 0);"
"seed_built_development","seed_history_synthesis","PX5","src/ds7_cumulative_plasticity_allocation_gate.rs",279,"distractors(seed, load, seed",0,1,"        let distractors = distractors(seed, load, seed % 1_000_000 == 0);"
"seed_built_development","seed_history_synthesis","PX5","src/ds7_cumulative_plasticity_allocation_gate.rs",67,"route(seed",0,1,"    fn route(seed: u64, reverse_layout: bool) -> Vec<PhysicalEncounter> {"
"seed_built_development","seed_history_synthesis","PX5","src/ds7_cumulative_plasticity_allocation_gate.rs",80,"distractors(seed",0,1,"    fn distractors(seed: u64, load: usize, reverse_layout: bool) -> Vec<PhysicalEncounter> {"
"seed_built_development","seed_history_synthesis","PX6","src/ds8_cumulative_semantic_credit_gate.rs",132,"route(seed",0,1,"    fn route(seed: u64, reverse_layout: bool) -> Vec<PhysicalEncounter> {"
"seed_built_development","seed_history_synthesis","PX6","src/ds8_cumulative_semantic_credit_gate.rs",145,"distractors(seed",0,1,"    fn distractors(seed: u64, load: usize, reverse_layout: bool) -> Vec<PhysicalEncounter> {"
"seed_built_development","seed_history_synthesis","PX6","src/ds8_cumulative_semantic_credit_gate.rs",181,"route(seed",0,1,"        let route = route(seed, reverse_layout);"
"seed_built_development","seed_history_synthesis","PX6","src/ds8_cumulative_semantic_credit_gate.rs",182,"distractors(seed",0,1,"        let distractors = distractors(seed, load, !reverse_layout);"
"seed_built_development","semantic_condition","PX6","src/ds8_cumulative_semantic_credit_gate.rs",204,"raw_consequence(seed",0,1,"                    raw_consequence(seed + 100_000, sweep * (load + 4) + index, variant),"
"seed_built_development","semantic_condition","PX6","src/ds8_cumulative_semantic_credit_gate.rs",220,"raw_consequence(seed",0,1,"                    raw_consequence(seed + 200_000, sweep * (load + 4) + load + index, variant),"
"seed_built_development","semantic_condition","PX6","src/ds8_cumulative_semantic_credit_gate.rs",244,"raw_consequence(seed",0,1,"                    raw_consequence(seed + 300_000, sweep * 5, varying_variant(sweep)),"
"seed_built_development","semantic_condition","PX6","src/ds8_cumulative_semantic_credit_gate.rs",252,"raw_consequence(seed",0,1,"                        raw_consequence(seed + 300_000, sweep * 5 + index + 1, stable_variant),"
"seed_built_development","semantic_condition","PX6","src/ds8_cumulative_semantic_credit_gate.rs",428,"raw_consequence(seed + 900_000, 0, (seed",0,1,"                raw_consequence(seed + 900_000, 0, (seed as usize / 500_000) % 4),"
"seed_built_development","seed_history_synthesis","PX6","src/ds8_cumulative_semantic_credit_gate.rs",448,"route(seed",0,1,"            && trained.route[0].snapshot() == route(seed + 3_000_000, true)[0].snapshot();"
"seed_built_development","semantic_condition","PX6","src/ds8_cumulative_semantic_credit_gate.rs",89,"raw_consequence(seed",0,1,"    fn raw_consequence(seed: u64, episode: usize, variant: usize) -> RawConsequence {"
"seed_built_development","semantic_condition","PX6","src/ds8_cumulative_semantic_credit_probe.rs",365,"raw_consequence(seed",0,1,"            let first_raw = raw_consequence(seed + 100_000, round * 2, first_variant, false);"
"seed_built_development","semantic_condition","PX6","src/ds8_cumulative_semantic_credit_probe.rs",366,"raw_consequence(seed",0,1,"            let second_raw = raw_consequence(seed + 100_000, round * 2 + 1, second_variant, false);"
"seed_built_development","semantic_condition","PX6","src/ds8_cumulative_semantic_credit_probe.rs",434,"raw_consequence(seed",0,1,"            let _ = equal.observe(first, raw_consequence(seed + 300_000, round * 2, 0, false));"
"seed_built_development","semantic_condition","PX6","src/ds8_cumulative_semantic_credit_probe.rs",437,"raw_consequence(seed",0,1,"                raw_consequence(seed + 300_000, round * 2 + 1, 1, false),"
"seed_built_development","semantic_condition","PX6","src/ds8_cumulative_semantic_credit_probe.rs",441,"raw_consequence(seed",0,1,"                raw_consequence(seed + 400_000, round * 2, round % 4, false),"
"seed_built_development","semantic_condition","PX6","src/ds8_cumulative_semantic_credit_probe.rs",445,"raw_consequence(seed",0,1,"                raw_consequence(seed + 400_000, round * 2 + 1, (round + 2) % 4, false),"
"seed_built_development","semantic_condition","PX6","src/ds8_cumulative_semantic_credit_probe.rs",469,"raw_consequence(seed",0,1,"            raw_consequence(seed + 500_000, 0, 0, false),"
"seed_built_development","semantic_condition","PX6","src/ds8_cumulative_semantic_credit_probe.rs",492,"raw_consequence(seed",0,1,"            raw_consequence(seed + 600_000, 0, 0, false),"
"seed_built_development","semantic_condition","PX6","src/ds8_cumulative_semantic_credit_probe.rs",505,"raw_consequence(seed",0,1,"            raw_consequence(seed + 600_000, 1, 0, true),"
"seed_built_development","semantic_condition","PX6","src/ds8_cumulative_semantic_credit_probe.rs",525,"raw_consequence(seed",0,1,"            raw_consequence(seed + 600_000, 2, 0, false),"
"seed_built_development","semantic_condition","PX7","src/post_m6_ds4_arrival_initiation.rs",242,"raw(seed",0,1,"    fn raw(seed: u64, episode: usize, variant: usize, immediate: bool) -> RawConsequence {"
"seed_built_development","semantic_condition","PX7","src/post_m6_ds4_arrival_initiation.rs",262,"productive(seed",1,1,"    fn productive(seed: u64, ordinal: u64, reverse: bool) -> PhysicalEncounter {"
"seed_built_development","semantic_condition","PX7","src/post_m6_ds4_arrival_initiation.rs",271,"contrast(seed",1,1,"    fn contrast(seed: u64, ordinal: u64, reverse: bool) -> PhysicalEncounter {"
"seed_built_development","semantic_condition","PX7","src/post_m6_ds4_arrival_initiation.rs",293,"productive(gate.seed",1,1,"        let active_encounter = productive(gate.seed, ordinal, ordinal.is_multiple_of(2));"
"seed_built_development","semantic_condition","PX7","src/post_m6_ds4_arrival_initiation.rs",295,"contrast(gate.seed",1,1,"        let other = contrast(gate.seed, 0, false).snapshot();"
"seed_built_development","semantic_condition","PX7","src/post_m6_ds4_arrival_initiation.rs",310,"raw(gate.seed",0,1,"            raw(gate.seed + 100_000, gate.episode, 0, false),"
"seed_built_development","semantic_condition","PX7","src/post_m6_ds4_arrival_initiation.rs",331,"productive(seed",1,1,"        let first = productive(seed, 0, false).snapshot();"
"seed_built_development","semantic_condition","PX7","src/post_m6_ds4_arrival_initiation.rs",332,"contrast(seed",1,1,"        let second = contrast(seed, 0, false).snapshot();"
"seed_built_development","semantic_condition","PX7","src/post_m6_ds4_arrival_initiation.rs",349,"raw(seed",0,1,"                raw(seed + 200_000, episode * 2, first_variant, false),"
"seed_built_development","semantic_condition","PX7","src/post_m6_ds4_arrival_initiation.rs",353,"raw(seed",0,1,"                raw(seed + 200_000, episode * 2 + 1, second_variant, false),"
"seed_built_development","semantic_condition","PX7","src/post_m6_ds4_arrival_initiation.rs",366,"productive(seed",1,1,"        let immediate_encounter = productive(seed + 1_000_000, 0, false);"
"seed_built_development","semantic_condition","PX7","src/post_m6_ds4_arrival_initiation.rs",368,"contrast(seed",1,1,"        let immediate_other = contrast(seed + 1_000_000, 0, false).snapshot();"
"seed_built_development","semantic_condition","PX7","src/post_m6_ds4_arrival_initiation.rs",378,"raw(seed",0,1,"                raw(seed + 1_100_000, 0, 0, true),"
"seed_built_development","semantic_condition","PX7","src/post_m6_ds4_arrival_initiation.rs",385,"productive(seed",1,1,"            productive(seed + 2_000_000, 0, false).snapshot(),"
"seed_built_development","semantic_condition","PX7","src/post_m6_ds4_arrival_initiation.rs",386,"contrast(seed",1,1,"            contrast(seed + 2_000_000, 0, false).snapshot(),"
"seed_built_development","semantic_condition","PX7","src/post_m6_ds4_arrival_initiation.rs",387,"raw(seed",0,1,"            raw(seed + 2_100_000, 0, 0, false),"
"seed_built_development","semantic_condition","PX7","src/post_m6_ds4_arrival_initiation.rs",390,"productive(seed",1,1,"        let first = productive(seed + 3_000_000, 0, false).snapshot();"
"seed_built_development","semantic_condition","PX7","src/post_m6_ds4_arrival_initiation.rs",391,"contrast(seed",1,1,"        let second = contrast(seed + 3_000_000, 0, false).snapshot();"
"seed_built_development","semantic_condition","PX7","src/post_m6_ds4_arrival_initiation.rs",395,"raw(seed",0,1,"                let _ = learner.observe(first, raw(seed + 3_100_000, episode * 2, 0, false));"
"seed_built_development","semantic_condition","PX7","src/post_m6_ds4_arrival_initiation.rs",396,"raw(seed",0,1,"                let _ = learner.observe(second, raw(seed + 3_100_000, episode * 2 + 1, 1, false));"
"seed_built_development","semantic_condition","PX7","src/post_m6_ds4_arrival_initiation.rs",402,"productive(seed",1,1,"            == Some(productive(seed + 5_000_000, 0, false).snapshot());"
"seed_built_development","semantic_condition","PX7","src/post_m6_ds4_arrival_initiation.rs",404,"contrast(seed",1,1,"            == Some(contrast(seed + 6_000_000, 0, false).snapshot());"
"seed_built_development","evaluator_derived_input","PX7","src/post_m6_ds4_arrival_initiation.rs",445,"session(seed",0,1,"    pub(super) fn session(seed: usize) -> Session {"
"seed_built_development","evaluator_derived_input","PX7","src/post_m6_ds4_arrival_initiation.rs",708,"session(seed",0,1,"        let mut request = frozen_request::session(seed as usize);"
"seed_built_development","evaluator_derived_input","PX7","src/post_m6_ds4_arrival_initiation.rs",782,"session((seed",0,1,"        let mut weak_request = frozen_request::session((seed + 200_000) as usize);"
"seed_built_development","evaluator_derived_input","PX7","src/post_m6_ds4_arrival_initiation.rs",819,"session((seed",0,1,"        let mut symmetric_request = frozen_request::session((seed + 300_000) as usize);"
"seed_built_development","evaluator_derived_input","PX8","src/post_m7_ds5_closure_emission.rs",264,"session(seed",0,1,"    pub(super) fn session(seed: u64) -> Session {"
"seed_built_development","evaluator_derived_input","PX8","src/post_m7_ds5_closure_emission.rs",459,"session(seed",0,1,"            role: anonymous_role::session(seed + 10_000),"
"seed_built_development","evaluator_derived_input","PX8","src/post_m7_ds5_closure_emission.rs",527,"session(seed",0,1,"            role: anonymous_role::session(seed + 10_000),"
"typed_episode","typed_representation","PX6","src/ds8_cumulative_semantic_credit_gate.rs",89,"episode",0,1,"    fn raw_consequence(seed: u64, episode: usize, variant: usize) -> RawConsequence {"
"typed_episode","typed_representation","PX6","src/ds8_cumulative_semantic_credit_gate.rs",92,"episode",0,0,"            .wrapping_add(episode as u64 * 53)"
"typed_episode","typed_representation","PX6","src/ds8_cumulative_semantic_credit_gate.rs",95,"episode",0,0,"        if episode % 2 == 1 {"
"typed_episode","typed_representation","PX6","src/ds8_cumulative_semantic_credit_probe.rs",113,"episode",0,0,"        episode: usize,"
"typed_episode","typed_representation","PX6","src/ds8_cumulative_semantic_credit_probe.rs",119,"episode",0,0,"            .wrapping_add(episode as u64 * 53)"
"typed_episode","typed_representation","PX6","src/ds8_cumulative_semantic_credit_probe.rs",333,"episode",0,0,"    fn episode("
"typed_episode","typed_representation","PX6","src/ds8_cumulative_semantic_credit_probe.rs",373,"episode",0,0,"            let (first_executed, first_updated) = episode("
"typed_episode","typed_representation","PX6","src/ds8_cumulative_semantic_credit_probe.rs",380,"episode",0,0,"            let (second_executed, second_updated) = episode("
"typed_episode","typed_representation","PX6","src/ds8_cumulative_semantic_credit_probe.rs",464,"episode",0,0,"        let (_, updated) = episode("
"typed_episode","typed_representation","PX7","src/post_m6_ds4_arrival_initiation.rs",230,"episode",0,0,"        episode: usize,"
"typed_episode","typed_representation","PX7","src/post_m6_ds4_arrival_initiation.rs",242,"episode",0,1,"    fn raw(seed: u64, episode: usize, variant: usize, immediate: bool) -> RawConsequence {"
"typed_episode","typed_representation","PX7","src/post_m6_ds4_arrival_initiation.rs",245,"episode",0,0,"            .wrapping_add(episode as u64 * 53)"
"typed_episode","typed_representation","PX7","src/post_m6_ds4_arrival_initiation.rs",285,"episode",0,0,"            episode: 0,"
"typed_episode","typed_representation","PX7","src/post_m6_ds4_arrival_initiation.rs",291,"episode",0,0,"        let ordinal = gate.episode as u64;"
"typed_episode","typed_representation","PX7","src/post_m6_ds4_arrival_initiation.rs",292,"episode",0,0,"        gate.episode += 1;"
"typed_episode","typed_representation","PX7","src/post_m6_ds4_arrival_initiation.rs",310,"episode",0,1,"            raw(gate.seed + 100_000, gate.episode, 0, false),"
"typed_episode","typed_representation","PX7","src/post_m6_ds4_arrival_initiation.rs",334,"episode",0,0,"        for episode in 0..8usize {"
"typed_episode","typed_representation","PX7","src/post_m6_ds4_arrival_initiation.rs",338,"episode",0,0,"                episode % 4"
"typed_episode","typed_representation","PX7","src/post_m6_ds4_arrival_initiation.rs",343,"episode",0,0,"                (episode + 2) % 4"
"typed_episode","typed_representation","PX7","src/post_m6_ds4_arrival_initiation.rs",345,"episode",0,0,"                episode % 4"
"typed_episode","typed_representation","PX7","src/post_m6_ds4_arrival_initiation.rs",349,"episode",0,1,"                raw(seed + 200_000, episode * 2, first_variant, false),"
"typed_episode","typed_representation","PX7","src/post_m6_ds4_arrival_initiation.rs",353,"episode",0,1,"                raw(seed + 200_000, episode * 2 + 1, second_variant, false),"
"typed_episode","typed_representation","PX7","src/post_m6_ds4_arrival_initiation.rs",394,"episode",0,0,"            for episode in 0..8usize {"
"typed_episode","typed_representation","PX7","src/post_m6_ds4_arrival_initiation.rs",395,"episode",0,1,"                let _ = learner.observe(first, raw(seed + 3_100_000, episode * 2, 0, false));"
"typed_episode","typed_representation","PX7","src/post_m6_ds4_arrival_initiation.rs",396,"episode",0,1,"                let _ = learner.observe(second, raw(seed + 3_100_000, episode * 2 + 1, 1, false));"
"typed_episode","typed_representation","PX7","src/post_m6_ds4_arrival_initiation.rs",427,"episode",0,0,"        episode: usize,"
"typed_episode","typed_representation","PX7","src/post_m6_ds4_arrival_initiation.rs",453,"episode",0,0,"            episode: 0,"
"typed_episode","typed_representation","PX7","src/post_m6_ds4_arrival_initiation.rs",465,"episode",0,0,"            1 + session.episode % 4"
"typed_episode","typed_representation","PX7","src/post_m6_ds4_arrival_initiation.rs",467,"episode",0,0,"            [5, 8, 16, 32][session.episode % 4]"
"typed_episode","typed_representation","PX7","src/post_m6_ds4_arrival_initiation.rs",469,"episode",0,0,"        session.episode += 1;"
"typed_episode","typed_representation","PX7","src/post_m6_ds4_arrival_initiation.rs",470,"episode",0,0,"        let episode = chain_episode(&mut session.identities, &mut session.rng, depth);"
"typed_episode","typed_representation","PX7","src/post_m6_ds4_arrival_initiation.rs",474,"episode",1,0,"            episode.target_request,"
"typed_episode","typed_representation","PX7","src/post_m6_ds4_arrival_initiation.rs",507,"episode",0,0,"        let run = execute_choice(&episode, &choice, session.roles, session.program);"
"typed_episode","typed_representation","PX7","src/post_m6_ds4_arrival_initiation.rs",516,"episode",1,0,"        let functional = run.outcome == BindingOutcome::Answer(episode.answer)"
"typed_episode","typed_representation","PX7","src/post_m6_ds4_arrival_initiation.rs",590,"episode",1,0,"        [""episode"", "".answer""].concat(),"
"typed_episode","typed_representation","PX7","src/post_m6_ds4_arrival_initiation.rs",711,"episode",0,0,"        for episode in 1..=4_000usize {"
"typed_episode","typed_representation","PX7","src/post_m6_ds4_arrival_initiation.rs",712,"episode",0,1,"            let event_seed = seed + 1_000 + episode as u64;"
"typed_episode","typed_representation","PX7","src/post_m6_ds4_arrival_initiation.rs",729,"episode",0,0,"                learned_at = Some(episode);"
"typed_episode","typed_representation","PX7","src/post_m6_ds4_arrival_initiation.rs",733,"episode",0,0,"        if let Some(episode) = learned_at {"
"typed_episode","typed_representation","PX7","src/post_m6_ds4_arrival_initiation.rs",735,"episode",0,0,"            competence.push(episode);"
"typed_episode","typed_representation","PX7","src/post_m6_ds4_arrival_initiation.rs",821,"episode",0,0,"        for episode in 0..128usize {"
"typed_episode","typed_representation","PX7","src/post_m6_ds4_arrival_initiation.rs",824,"episode",0,1,"                seed + 301_000 + episode as u64,"
"typed_episode","typed_representation","PX8","src/post_m7_ds5_closure_emission.rs",364,"Episode",0,0,"struct Episode {"
"typed_episode","typed_representation","PX8","src/post_m7_ds5_closure_emission.rs",401,"Episode",0,0,") -> Episode {"
"typed_episode","typed_representation","PX8","src/post_m7_ds5_closure_emission.rs",411,"Episode",0,0,"    Episode {"
"typed_episode","typed_representation","PX8","src/post_m7_ds5_closure_emission.rs",418,"Episode",0,0,"fn duplicate_episode(identities: &mut IdentitySource) -> Episode {"
"typed_episode","typed_representation","PX8","src/post_m7_ds5_closure_emission.rs",421,"Episode",0,0,"    Episode {"
"typed_episode","typed_representation","PX8","src/post_m7_ds5_closure_emission.rs",428,"Episode",0,0,"fn branch_episode(identities: &mut IdentitySource) -> Episode {"
"typed_episode","typed_representation","PX8","src/post_m7_ds5_closure_emission.rs",430,"Episode",0,0,"    Episode {"
"typed_episode","typed_representation","PX8","src/post_m7_ds5_closure_emission.rs",437,"Episode",0,0,"fn cycle_episode(identities: &mut IdentitySource) -> Episode {"
"typed_episode","typed_representation","PX8","src/post_m7_ds5_closure_emission.rs",440,"Episode",0,0,"    Episode {"
"typed_episode","typed_representation","PX8","src/post_m7_ds5_closure_emission.rs",464,"episode",0,0,"        for episode in 1..=4_000usize {"
"typed_episode","typed_representation","PX8","src/post_m7_ds5_closure_emission.rs",467,"episode",0,1,"                seed + episode as u64,"
"typed_episode","typed_representation","PX8","src/post_m7_ds5_closure_emission.rs",481,"episode",0,0,"                competence = episode;"
"typed_episode","typed_representation","PX8","src/post_m7_ds5_closure_emission.rs",562,"Episode",0,0,"    episode: &Episode,"
"typed_episode","typed_representation","PX8","src/post_m7_ds5_closure_emission.rs",562,"episode",0,0,"    episode: &Episode,"
"typed_episode","typed_representation","PX8","src/post_m7_ds5_closure_emission.rs",574,"episode",0,0,"    for &(left, right) in &episode.relations {"
"typed_episode","typed_representation","PX8","src/post_m7_ds5_closure_emission.rs",577,"episode",0,0,"    let mut queue = VecDeque::from([episode.query]);"
"typed_episode","typed_representation","PX8","src/post_m7_ds5_closure_emission.rs",682,"episode",1,0,"        [""episode"", "".terminal""].concat(),"
"typed_episode","typed_representation","PX8","src/post_m7_ds5_closure_emission.rs",796,"episode",0,0,"            let episode = chain_episode(&mut identities, &mut rng, depth, 3);"
"typed_episode","typed_representation","PX8","src/post_m7_ds5_closure_emission.rs",798,"episode",0,0,"                &episode,"
"typed_episode","typed_representation","PX8","src/post_m7_ds5_closure_emission.rs",819,"episode",0,0,"        if let Some(episode) = learned_at {"
"typed_episode","typed_representation","PX8","src/post_m7_ds5_closure_emission.rs",821,"episode",0,0,"            competence.push(episode);"
"typed_episode","typed_representation","PX8","src/post_m7_ds5_closure_emission.rs",833,"episode",0,0,"            let episode = chain_episode(&mut identities, &mut rng, depth, held_index % 5);"
"typed_episode","typed_representation","PX8","src/post_m7_ds5_closure_emission.rs",837,"episode",0,0,"                &episode,"
"typed_episode","typed_representation","PX8","src/post_m7_ds5_closure_emission.rs",852,"episode",1,0,"            correct += usize::from(run.crossings == [episode.terminal]);"
"typed_history","typed_representation","PX4","src/ds6_cumulative_lifetime_probe.rs",907,"history",0,0,"        protocol: ""ds6-cumulative-lifetime-matched-history-v1"","
"typed_history","typed_representation","PX4","src/ds6_cumulative_lifetime_probe.rs",916,"history",0,1,"        ""# DS6 matched-history lifetime diagnostic result\n\nProtocol: `{}`.\n\nVerdict: **{}**.\n\n| seed | recurrence strengths 1/2/4/8 | disuse strengths 2/4/8/12 | high+long | low+short | reuse delta | fresh layout | controls | result |\n|---:|---|---|---:|---:|---:|:---:|:---:|:---:|\n"","
"typed_history","typed_representation","PX6","src/ds8_cumulative_semantic_credit_probe.rs",698,"histories",0,0,"        check(""swapped histories reverse"", internal.swapped_direction),"
"typed_history","typed_representation","PX7","src/post_m6_ds4_arrival_initiation.rs",879,"history",0,0,"            name: ""raw-history-swap"","
"typed_history","typed_representation","PX8","src/post_m7_ds5_closure_emission.rs",1004,"history",0,1,"        ""M6-history-controls"","
"typed_history","typed_representation","PX8","src/post_m7_ds5_closure_emission.rs",578,"history",0,0,"    let mut history = HashSet::new();"
"typed_history","typed_representation","PX8","src/post_m7_ds5_closure_emission.rs",582,"history",0,0,"        if !history.insert(current) {"
"typed_layer_handoff","typed_handoff","PX4","src/ds6_cumulative_lifetime_probe.rs",756,"frozen_m3",0,0,"mod frozen_m3 {"
"typed_layer_handoff","typed_handoff","PX4","src/ds6_cumulative_lifetime_probe.rs",765,"frozen_m3",1,0,"            passed: frozen_m3::source_ok(),"
"typed_layer_handoff","typed_handoff","PX4","src/ds6_cumulative_lifetime_probe.rs",786,"frozen_m3",0,0,"        frozen_m3::run_arm_a(),"
"typed_layer_handoff","typed_handoff","PX4","src/ds6_cumulative_lifetime_probe.rs",846,"frozen_m3",0,0,"        frozen_m3::run_micro_cell(107_000, false),"
"typed_layer_handoff","typed_handoff","PX4","src/ds6_cumulative_lifetime_probe.rs",847,"frozen_m3",0,0,"        frozen_m3::run_micro_cell(108_000, true),"
"typed_layer_handoff","typed_handoff","PX4","src/ds6_cumulative_lifetime_probe.rs",897,"frozen_m3",0,0,"        frozen_m3::run_matched_cell(109_000, false),"
"typed_layer_handoff","typed_handoff","PX4","src/ds6_cumulative_lifetime_probe.rs",898,"frozen_m3",0,0,"        frozen_m3::run_matched_cell(110_000, true),"
"typed_layer_handoff","typed_handoff","PX4","src/ds6_cumulative_lifetime_probe.rs",942,"frozen_m3",0,0,"    (111_000..=116_000).map(frozen_m3::run_gate_cell).collect()"
"typed_layer_handoff","typed_handoff","PX5","src/ds7_cumulative_plasticity_allocation_gate.rs",10,"FROZEN_HANDOFF_SHA256",0,0,"pub const FROZEN_HANDOFF_SHA256: &str ="
"typed_layer_handoff","typed_handoff","PX5","src/ds7_cumulative_plasticity_allocation_gate.rs",346,"FROZEN_HANDOFF_SHA256",0,0,"            && env!(""DS7_GATE_HANDOFF_SHA256"") == super::FROZEN_HANDOFF_SHA256"
"typed_layer_handoff","typed_handoff","PX5","src/ds7_cumulative_plasticity_allocation_gate.rs",352,"frozen_m4",0,1,"        let cumulative_m4 = frozen_m4::authority_exact(seed);"
"typed_layer_handoff","typed_handoff","PX5","src/ds7_cumulative_plasticity_targeting_probe.rs",427,"frozen_m4",0,0,"mod frozen_m4 {"
"typed_layer_handoff","typed_handoff","PX5","src/ds7_cumulative_plasticity_targeting_probe.rs",434,"frozen_m3",0,1,"        let cell = frozen_m3::run_gate_cell(seed);"
"typed_layer_handoff","typed_handoff","PX5","src/ds7_cumulative_plasticity_targeting_probe.rs",619,"frozen_m4",0,1,"    let m4_exact = frozen_m4::authority_exact(PROBE_SEED);"
"typed_layer_handoff","typed_handoff","PX6","src/ds8_cumulative_semantic_credit_gate.rs",18,"FROZEN_HANDOFF_SHA256",0,0,"pub const FROZEN_HANDOFF_SHA256: &str ="
"typed_layer_handoff","typed_handoff","PX6","src/ds8_cumulative_semantic_credit_gate.rs",453,"FROZEN_HANDOFF_SHA256",0,0,"            && env!(""DS8_GATE_HANDOFF_SHA256"") == super::FROZEN_HANDOFF_SHA256"
"typed_layer_handoff","typed_handoff","PX6","src/ds8_cumulative_semantic_credit_probe.rs",679,"frozen_m5",0,1,"    let internal = frozen_m5::run_internal(PROBE_SEED);"
"typed_layer_handoff","typed_handoff","PX6","src/ds8_cumulative_semantic_credit_probe.rs",93,"frozen_m5",0,0,"mod frozen_m5 {"
"typed_layer_handoff","typed_handoff","PX7","src/post_m6_ds4_arrival_initiation.rs",105,"frozen_m3",0,0,"        let state = frozen_m3::ds4_event_state(&gate.0);"
"typed_layer_handoff","typed_handoff","PX7","src/post_m6_ds4_arrival_initiation.rs",143,"FROZEN_M6_HANDOFF_SHA256",0,0,"        && env!(""POST_M6_DS4_M6_HANDOFF_SHA256"") == FROZEN_M6_HANDOFF_SHA256;"
"typed_layer_handoff","typed_handoff","PX7","src/post_m6_ds4_arrival_initiation.rs",202,"frozen_m6",0,0,"mod frozen_m6 {"
"typed_layer_handoff","typed_handoff","PX7","src/post_m6_ds4_arrival_initiation.rs",24,"FROZEN_M6_HANDOFF_SHA256",0,0,"pub const FROZEN_M6_HANDOFF_SHA256: &str ="
"typed_layer_handoff","typed_handoff","PX7","src/post_m6_ds4_arrival_initiation.rs",36,"FROZEN_PROBE_HANDOFF_SHA256",0,0,"pub const FROZEN_PROBE_HANDOFF_SHA256: &str ="
"typed_layer_handoff","typed_handoff","PX7","src/post_m6_ds4_arrival_initiation.rs",40,"FROZEN_MICRO_HANDOFF_SHA256",0,0,"pub const FROZEN_MICRO_HANDOFF_SHA256: &str ="
"typed_layer_handoff","typed_handoff","PX7","src/post_m6_ds4_arrival_initiation.rs",417,"frozen_request",0,0,"mod frozen_request {"
"typed_layer_handoff","typed_handoff","PX7","src/post_m6_ds4_arrival_initiation.rs",459,"frozen_m6",0,0,"        credit: &mut super::frozen_m6::CreditGate,"
"typed_layer_handoff","typed_handoff","PX7","src/post_m6_ds4_arrival_initiation.rs",510,"frozen_m6",0,0,"            acquire && selected && super::frozen_m6::apply_recurrence(credit, recurrent_activity);"
"typed_layer_handoff","typed_handoff","PX7","src/post_m6_ds4_arrival_initiation.rs",601,"FROZEN_M6_HANDOFF_SHA256",0,0,"            && env!(""POST_M6_DS4_M6_HANDOFF_SHA256"") == FROZEN_M6_HANDOFF_SHA256"
"typed_layer_handoff","typed_handoff","PX7","src/post_m6_ds4_arrival_initiation.rs",611,"FROZEN_PROBE_HANDOFF_SHA256",0,0,"            && env!(""POST_M6_DS4_PROBE_HANDOFF_SHA256"") == FROZEN_PROBE_HANDOFF_SHA256,"
"typed_layer_handoff","typed_handoff","PX7","src/post_m6_ds4_arrival_initiation.rs",613,"FROZEN_MICRO_HANDOFF_SHA256",0,0,"            && env!(""POST_M6_DS4_MICRO_HANDOFF_SHA256"") == FROZEN_MICRO_HANDOFF_SHA256,"
"typed_layer_handoff","typed_handoff","PX7","src/post_m6_ds4_arrival_initiation.rs",708,"frozen_request",0,1,"        let mut request = frozen_request::session(seed as usize);"
"typed_layer_handoff","typed_handoff","PX7","src/post_m6_ds4_arrival_initiation.rs",709,"frozen_m6",0,1,"        let mut credit = frozen_m6::credit_gate(seed);"
"typed_layer_handoff","typed_handoff","PX7","src/post_m6_ds4_arrival_initiation.rs",720,"frozen_request",0,0,"                frozen_request::step(&mut request, &mut credit, activity.completion, true, false);"
"typed_layer_handoff","typed_handoff","PX7","src/post_m6_ds4_arrival_initiation.rs",728,"frozen_request",0,0,"            if frozen_request::ready(&request) {"
"typed_layer_handoff","typed_handoff","PX7","src/post_m6_ds4_arrival_initiation.rs",737,"frozen_request",0,0,"        single_roles += usize::from(frozen_request::roles(&request) == 1);"
"typed_layer_handoff","typed_handoff","PX7","src/post_m6_ds4_arrival_initiation.rs",738,"frozen_m6",0,0,"        credit_observations += frozen_m6::credit_state(&credit).observations;"
"typed_layer_handoff","typed_handoff","PX7","src/post_m6_ds4_arrival_initiation.rs",741,"frozen_request",0,0,"        let before_p4 = frozen_request::fingerprint(&request);"
"typed_layer_handoff","typed_handoff","PX7","src/post_m6_ds4_arrival_initiation.rs",742,"frozen_m6",0,0,"        let before_m6 = frozen_m6::credit_state(&credit);"
"typed_layer_handoff","typed_handoff","PX7","src/post_m6_ds4_arrival_initiation.rs",755,"frozen_request",0,0,"                frozen_request::step(&mut request, &mut credit, activity.completion, false, false);"
"typed_layer_handoff","typed_handoff","PX7","src/post_m6_ds4_arrival_initiation.rs",76,"frozen_m3",0,0,"    pub(super) struct ArrivalGate(frozen_m3::Ds4EventGate);"
"typed_layer_handoff","typed_handoff","PX7","src/post_m6_ds4_arrival_initiation.rs",767,"frozen_request",0,0,"        p4_nonplastic &= before_p4 == frozen_request::fingerprint(&request);"
"typed_layer_handoff","typed_handoff","PX7","src/post_m6_ds4_arrival_initiation.rs",768,"frozen_m6",0,0,"        m6_nonplastic &= before_m6 == frozen_m6::credit_state(&credit);"
"typed_layer_handoff","typed_handoff","PX7","src/post_m6_ds4_arrival_initiation.rs",770,"frozen_request",0,0,"        let no_arrival_step = frozen_request::step(&mut request, &mut credit, 0, false, false);"
"typed_layer_handoff","typed_handoff","PX7","src/post_m6_ds4_arrival_initiation.rs",782,"frozen_request",0,1,"        let mut weak_request = frozen_request::session((seed + 200_000) as usize);"
"typed_layer_handoff","typed_handoff","PX7","src/post_m6_ds4_arrival_initiation.rs",783,"frozen_m6",0,1,"        let mut weak_credit = frozen_m6::credit_gate(seed + 200_000);"
"typed_layer_handoff","typed_handoff","PX7","src/post_m6_ds4_arrival_initiation.rs",784,"frozen_request",0,0,"        let weak_step = frozen_request::step("
"typed_layer_handoff","typed_handoff","PX7","src/post_m6_ds4_arrival_initiation.rs",79,"frozen_m3",0,1,"        frozen_m3::ds4_event_gate(seed, acquisition).map(ArrivalGate)"
"typed_layer_handoff","typed_handoff","PX7","src/post_m6_ds4_arrival_initiation.rs",819,"frozen_request",0,1,"        let mut symmetric_request = frozen_request::session((seed + 300_000) as usize);"
"typed_layer_handoff","typed_handoff","PX7","src/post_m6_ds4_arrival_initiation.rs",820,"frozen_m6",0,1,"        let mut symmetric_credit = frozen_m6::credit_gate(seed + 300_000);"
"typed_layer_handoff","typed_handoff","PX7","src/post_m6_ds4_arrival_initiation.rs",827,"frozen_request",0,0,"            let _ = frozen_request::step("
"typed_layer_handoff","typed_handoff","PX7","src/post_m6_ds4_arrival_initiation.rs",835,"frozen_request",0,0,"        symmetric_rejected &= !frozen_request::ready(&symmetric_request)"
"typed_layer_handoff","typed_handoff","PX7","src/post_m6_ds4_arrival_initiation.rs",836,"frozen_request",0,0,"            && frozen_request::roles(&symmetric_request) == 0"
"typed_layer_handoff","typed_handoff","PX7","src/post_m6_ds4_arrival_initiation.rs",837,"frozen_m6",0,0,"            && frozen_m6::credit_state(&symmetric_credit).observations == 0;"
"typed_layer_handoff","typed_handoff","PX7","src/post_m6_ds4_arrival_initiation.rs",840,"frozen_m6",0,1,"    let credit_controls = frozen_m6::controls(seeds.first().copied().unwrap_or(PROBE_RETRY_SEED));"
"typed_layer_handoff","typed_handoff","PX7","src/post_m6_ds4_arrival_initiation.rs",93,"frozen_m3",0,1,"        let activity = frozen_m3::event_completion_activity(&mut gate.0, seed, fixture);"
"typed_layer_handoff","typed_handoff","PX8","src/post_m7_ds5_closure_emission.rs",129,"FROZEN_M7_HANDOFF_SHA256",0,0,"        && env!(""POST_M7_DS5_M7_HANDOFF_SHA256"") == FROZEN_M7_HANDOFF_SHA256"
"typed_layer_handoff","typed_handoff","PX8","src/post_m7_ds5_closure_emission.rs",149,"frozen_cumulative",0,0,"mod frozen_cumulative {"
"typed_layer_handoff","typed_handoff","PX8","src/post_m7_ds5_closure_emission.rs",155,"frozen_m6",0,0,"    pub(super) struct Credit(frozen_m6::CreditGate);"
"typed_layer_handoff","typed_handoff","PX8","src/post_m7_ds5_closure_emission.rs",169,"frozen_m6",0,1,"        Credit(frozen_m6::credit_gate(seed))"
"typed_layer_handoff","typed_handoff","PX8","src/post_m7_ds5_closure_emission.rs",173,"frozen_m6",0,0,"        frozen_m6::apply_recurrence(&mut credit.0, activity)"
"typed_layer_handoff","typed_handoff","PX8","src/post_m7_ds5_closure_emission.rs",177,"frozen_m6",0,0,"        let state = frozen_m6::credit_state(&credit.0);"
"typed_layer_handoff","typed_handoff","PX8","src/post_m7_ds5_closure_emission.rs",186,"frozen_m6",1,1,"            passed: frozen_m6::controls(seed).passed(),"
"typed_layer_handoff","typed_handoff","PX8","src/post_m7_ds5_closure_emission.rs",192,"frozen_event",0,0,"mod frozen_event {"
"typed_layer_handoff","typed_handoff","PX8","src/post_m7_ds5_closure_emission.rs",214,"frozen_m3",0,0,"    pub(super) struct Gate(frozen_m3::Ds4EventGate);"
"typed_layer_handoff","typed_handoff","PX8","src/post_m7_ds5_closure_emission.rs",217,"frozen_m3",0,1,"        frozen_m3::ds4_event_gate(seed, 2).map(Gate)"
"typed_layer_handoff","typed_handoff","PX8","src/post_m7_ds5_closure_emission.rs",227,"frozen_m3",0,1,"        let activity = frozen_m3::event_completion_activity(&mut gate.0, seed, fixture);"
"typed_layer_handoff","typed_handoff","PX8","src/post_m7_ds5_closure_emission.rs",237,"frozen_m3",0,0,"        let state = frozen_m3::ds4_event_state(&gate.0);"
"typed_layer_handoff","typed_handoff","PX8","src/post_m7_ds5_closure_emission.rs",24,"FROZEN_M7_HANDOFF_SHA256",0,0,"pub const FROZEN_M7_HANDOFF_SHA256: &str ="
"typed_layer_handoff","typed_handoff","PX8","src/post_m7_ds5_closure_emission.rs",246,"frozen_cumulative",0,0,"    use super::frozen_cumulative;"
"typed_layer_handoff","typed_handoff","PX8","src/post_m7_ds5_closure_emission.rs",274,"frozen_cumulative",0,0,"        credit: &mut frozen_cumulative::Credit,"
"typed_layer_handoff","typed_handoff","PX8","src/post_m7_ds5_closure_emission.rs",318,"frozen_cumulative",0,0,"        let update = consequence && frozen_cumulative::differential(credit, connected);"
"typed_layer_handoff","typed_handoff","PX8","src/post_m7_ds5_closure_emission.rs",448,"frozen_event",0,0,"    event: frozen_event::Gate,"
"typed_layer_handoff","typed_handoff","PX8","src/post_m7_ds5_closure_emission.rs",450,"frozen_cumulative",0,0,"    credit: frozen_cumulative::Credit,"
"typed_layer_handoff","typed_handoff","PX8","src/post_m7_ds5_closure_emission.rs",456,"frozen_event",0,1,"        let event = frozen_event::gate(seed)?;"
"typed_layer_handoff","typed_handoff","PX8","src/post_m7_ds5_closure_emission.rs",460,"frozen_cumulative",0,1,"            credit: frozen_cumulative::credit(seed + 20_000),"
"typed_layer_handoff","typed_handoff","PX8","src/post_m7_ds5_closure_emission.rs",465,"frozen_event",0,0,"            let activity = frozen_event::activity("
"typed_layer_handoff","typed_handoff","PX8","src/post_m7_ds5_closure_emission.rs",468,"frozen_event",0,0,"                frozen_event::Fixture::Standard,"
"typed_layer_handoff","typed_handoff","PX8","src/post_m7_ds5_closure_emission.rs",490,"frozen_event",0,0,"            frozen_event::Fixture::Relabelled"
"typed_layer_handoff","typed_handoff","PX8","src/post_m7_ds5_closure_emission.rs",492,"frozen_event",0,0,"            frozen_event::Fixture::Standard"
"typed_layer_handoff","typed_handoff","PX8","src/post_m7_ds5_closure_emission.rs",494,"frozen_event",0,1,"        let activity = frozen_event::activity(&mut self.event, seed, fixture);"
"typed_layer_handoff","typed_handoff","PX8","src/post_m7_ds5_closure_emission.rs",508,"frozen_cumulative",0,0,"    fn fingerprint(&self) -> (u64, (usize, usize), frozen_cumulative::State) {"
"typed_layer_handoff","typed_handoff","PX8","src/post_m7_ds5_closure_emission.rs",511,"frozen_event",0,0,"            frozen_event::state(&self.event),"
"typed_layer_handoff","typed_handoff","PX8","src/post_m7_ds5_closure_emission.rs",512,"frozen_cumulative",0,0,"            frozen_cumulative::state(&self.credit),"
"typed_layer_handoff","typed_handoff","PX8","src/post_m7_ds5_closure_emission.rs",518,"frozen_event",0,0,"    event: frozen_event::Gate,"
"typed_layer_handoff","typed_handoff","PX8","src/post_m7_ds5_closure_emission.rs",520,"frozen_cumulative",0,0,"    credit: frozen_cumulative::Credit,"
"typed_layer_handoff","typed_handoff","PX8","src/post_m7_ds5_closure_emission.rs",526,"frozen_event",0,1,"            event: frozen_event::gate(seed)?,"
"typed_layer_handoff","typed_handoff","PX8","src/post_m7_ds5_closure_emission.rs",528,"frozen_cumulative",0,1,"            credit: frozen_cumulative::credit(seed + 20_000),"
"typed_layer_handoff","typed_handoff","PX8","src/post_m7_ds5_closure_emission.rs",532,"frozen_cumulative",0,0,"    fn fingerprint(&self) -> (u64, (usize, usize), frozen_cumulative::State) {"
"typed_layer_handoff","typed_handoff","PX8","src/post_m7_ds5_closure_emission.rs",535,"frozen_event",0,0,"            frozen_event::state(&self.event),"
"typed_layer_handoff","typed_handoff","PX8","src/post_m7_ds5_closure_emission.rs",536,"frozen_cumulative",0,0,"            frozen_cumulative::state(&self.credit),"
"typed_layer_handoff","typed_handoff","PX8","src/post_m7_ds5_closure_emission.rs",602,"frozen_event",0,0,"                    ClosureFixture::Standard => frozen_event::Fixture::Standard,"
"typed_layer_handoff","typed_handoff","PX8","src/post_m7_ds5_closure_emission.rs",603,"frozen_event",0,0,"                    ClosureFixture::Relabelled => frozen_event::Fixture::Relabelled,"
"typed_layer_handoff","typed_handoff","PX8","src/post_m7_ds5_closure_emission.rs",604,"frozen_event",0,0,"                    ClosureFixture::Missing => frozen_event::Fixture::Missing,"
"typed_layer_handoff","typed_handoff","PX8","src/post_m7_ds5_closure_emission.rs",605,"frozen_event",0,0,"                    ClosureFixture::Invalid => frozen_event::Fixture::Invalid,"
"typed_layer_handoff","typed_handoff","PX8","src/post_m7_ds5_closure_emission.rs",607,"frozen_event",0,1,"                let activity = frozen_event::activity(&mut path.event, seed, fixture);"
"typed_layer_handoff","typed_handoff","PX8","src/post_m7_ds5_closure_emission.rs",705,"frozen_cumulative",0,0,"            && linker.matches(""frozen_cumulative::differential"").count() == 1"
"typed_layer_handoff","typed_handoff","PX8","src/post_m7_ds5_closure_emission.rs",824,"frozen_cumulative",0,0,"        observations += frozen_cumulative::state(&path.credit).observations;"
"typed_layer_handoff","typed_handoff","PX8","src/post_m7_ds5_closure_emission.rs",949,"frozen_cumulative",1,1,"        control_results[5] &= frozen_cumulative::controls(seed + 800_000).passed;"
"typed_query","typed_representation","PX8","src/post_m7_ds5_closure_emission.rs",366,"query",0,0,"    query: OpaqueId,"
"typed_query","typed_representation","PX8","src/post_m7_ds5_closure_emission.rs",413,"query",0,0,"        query: chain[0],"
"typed_query","typed_representation","PX8","src/post_m7_ds5_closure_emission.rs",419,"query",0,0,"    let query = identities.issue();"
"typed_query","typed_representation","PX8","src/post_m7_ds5_closure_emission.rs",422,"query",1,0,"        relations: vec![(query, terminal), (query, terminal)],"
"typed_query","typed_representation","PX8","src/post_m7_ds5_closure_emission.rs",422,"query",1,0,"        relations: vec![(query, terminal), (query, terminal)],"
"typed_query","typed_representation","PX8","src/post_m7_ds5_closure_emission.rs",423,"query",0,0,"        query,"
"typed_query","typed_representation","PX8","src/post_m7_ds5_closure_emission.rs",429,"query",0,0,"    let query = identities.issue();"
"typed_query","typed_representation","PX8","src/post_m7_ds5_closure_emission.rs",431,"query",0,0,"        relations: vec![(query, identities.issue()), (query, identities.issue())],"
"typed_query","typed_representation","PX8","src/post_m7_ds5_closure_emission.rs",431,"query",0,0,"        relations: vec![(query, identities.issue()), (query, identities.issue())],"
"typed_query","typed_representation","PX8","src/post_m7_ds5_closure_emission.rs",432,"query",0,0,"        query,"
"typed_query","typed_representation","PX8","src/post_m7_ds5_closure_emission.rs",433,"query",1,0,"        terminal: query,"
"typed_query","typed_representation","PX8","src/post_m7_ds5_closure_emission.rs",442,"query",0,0,"        query: first,"
"typed_query","typed_representation","PX8","src/post_m7_ds5_closure_emission.rs",577,"query",0,0,"    let mut queue = VecDeque::from([episode.query]);"
"typed_query","typed_representation","PX8","src/post_m7_ds5_closure_emission.rs",976,"query",1,0,"            zero_run.crossings == [zero.query] && duplicate_run.crossings == [duplicate.terminal];"
