stratum,mirror,wait,old_side,new_side,initial_effects,old_direction_stale,old_correspondence_stale,stale_effects,fresh_correspondence,fresh_direction_ids,proposal_tick,first_use_tick,preuse_live,preuse_resistance,first_continuation_firings,first_candidate_traversed,first_consequence_firings,first_trace_firings,first_local_returns,postfirst_resistance,final_live,final_resistance,heldout_effects,postgap_effects,source_refiring,quiescent,work,fingerprint,duplicate_exact
G0,forward-to-reverse,0,0,1,1|0,true,true,0|0,1|1,true,1250,1250,true|true,3|3,0|1,false|true,1|1,1|1,1|1,3|6,0|1,0|43,0|1,0|1,0,true,47989,6425722752204875947,true
G0,forward-to-reverse,5,0,1,1|0,true,true,0|0,1|1,true,1250,1255,true|true,3|3,0|1,false|true,1|1,1|1,1|1,2|5,0|1,0|42,0|1,0|1,0,true,48014,16477457626271311902,true
G0,forward-to-reverse,10,0,1,1|0,true,true,0|0,1|1,true,1250,1260,true|true,2|2,0|1,false|true,1|1,1|1,1|1,2|5,0|1,0|42,0|1,0|1,0,true,48014,16731303017423622656,true
G0,forward-to-reverse,20,0,1,1|0,true,true,0|0,1|1,true,1250,1270,true|true,1|1,0|1,false|true,1|1,1|1,1|1,1|4,0|1,0|41,0|1,0|1,0,true,48013,5496707322496556183,true
G0,forward-to-reverse,30,0,1,1|0,true,true,0|0,1|1,true,1250,1280,false|false,0|0,0|1,false|false,1|0,1|0,1|0,0|0,0|0,0|0,0|0,0|0,0,true,43759,12960468480963588133,true
G0,reverse-to-forward,0,1,0,0|1,true,true,0|0,1|1,true,1250,1250,true|true,3|3,1|0,true|false,1|1,1|1,1|1,6|3,1|0,43|0,1|0,1|0,0,true,48013,4148089486048219261,true
G0,reverse-to-forward,5,1,0,0|1,true,true,0|0,1|1,true,1250,1255,true|true,3|3,1|0,true|false,1|1,1|1,1|1,5|2,1|0,42|0,1|0,1|0,0,true,48038,2282204747772053712,true
G0,reverse-to-forward,10,1,0,0|1,true,true,0|0,1|1,true,1250,1260,true|true,2|2,1|0,true|false,1|1,1|1,1|1,5|2,1|0,42|0,1|0,1|0,0,true,48038,12467676655456950134,true
G0,reverse-to-forward,20,1,0,0|1,true,true,0|0,1|1,true,1250,1270,true|true,1|1,1|0,true|false,1|1,1|1,1|1,4|1,1|0,41|0,1|0,1|0,0,true,48037,6683188619117201257,true
G0,reverse-to-forward,30,1,0,0|1,true,true,0|0,1|1,true,1250,1280,false|false,0|0,1|0,false|false,0|1,0|1,0|1,0|0,0|0,0|0,0|0,0|0,0,true,43759,2103433065138013267,true
G1,forward-to-reverse,0,0,1,1|0,true,true,0|0,1|1,true,1250,1250,true|true,3|3,0|1,false|true,1|1,1|1,1|1,3|6,0|1,0|43,0|1,0|1,0,true,47582,5853471116663237999,true
G1,forward-to-reverse,5,0,1,1|0,true,true,0|0,1|1,true,1250,1255,true|true,3|3,0|1,false|true,1|1,1|1,1|1,2|5,0|1,0|42,0|1,0|1,0,true,47607,7780568822282872118,true
G1,forward-to-reverse,10,0,1,1|0,true,true,0|0,1|1,true,1250,1260,true|true,2|2,0|1,false|true,1|1,1|1,1|1,2|5,0|1,0|42,0|1,0|1,0,true,47607,1219083725512328224,true
G1,forward-to-reverse,20,0,1,1|0,true,true,0|0,1|1,true,1250,1270,true|true,1|1,0|1,false|true,1|1,1|1,1|1,1|4,0|1,0|41,0|1,0|1,0,true,47606,9918997277412281659,true
G1,forward-to-reverse,30,0,1,1|0,true,true,0|0,1|1,true,1250,1280,false|false,0|0,0|1,false|false,1|0,1|0,1|0,0|0,0|0,0|0,0|0,0|0,0,true,43496,8297512251874709579,true
G1,reverse-to-forward,0,1,0,0|1,true,true,0|0,1|1,true,1250,1250,true|true,3|3,1|0,true|false,1|1,1|1,1|1,6|3,1|0,43|0,1|0,1|0,0,true,47606,13854484731402678041,true
G1,reverse-to-forward,5,1,0,0|1,true,true,0|0,1|1,true,1250,1255,true|true,3|3,1|0,true|false,1|1,1|1,1|1,5|2,1|0,42|0,1|0,1|0,0,true,47631,16614037903831741916,true
G1,reverse-to-forward,10,1,0,0|1,true,true,0|0,1|1,true,1250,1260,true|true,2|2,1|0,true|false,1|1,1|1,1|1,5|2,1|0,42|0,1|0,1|0,0,true,47631,3302419100768906074,true
G1,reverse-to-forward,20,1,0,0|1,true,true,0|0,1|1,true,1250,1270,true|true,1|1,1|0,true|false,1|1,1|1,1|1,4|1,1|0,41|0,1|0,1|0,0,true,47630,13488700336283565509,true
G1,reverse-to-forward,30,1,0,0|1,true,true,0|0,1|1,true,1250,1280,false|false,0|0,1|0,false|false,0|1,0|1,0|1,0|0,0|0,0|0,0|0,0|0,0,true,43496,574909257142283821,true
G2,forward-to-reverse,0,0,1,1|0,true,true,0|0,1|1,true,1250,1250,true|true,3|3,0|1,false|true,1|1,1|1,1|1,3|6,0|1,0|42,0|1,0|1,0,true,47733,9661228122801126558,true
G2,forward-to-reverse,5,0,1,1|0,true,true,0|0,1|1,true,1250,1255,true|true,3|3,0|1,false|true,1|1,1|1,1|1,2|5,0|1,0|42,0|1,0|1,0,true,47733,4270159780094438010,true
G2,forward-to-reverse,10,0,1,1|0,true,true,0|0,1|1,true,1250,1260,true|true,2|2,0|1,false|true,1|1,1|1,1|1,2|5,0|1,0|41,0|1,0|1,0,true,47762,5520049496418649131,true
G2,forward-to-reverse,20,0,1,1|0,true,true,0|0,1|1,true,1250,1270,true|true,1|1,0|1,false|true,1|1,1|1,1|1,1|4,0|1,0|40,0|1,0|1,0,true,47761,10845991914435208674,true
G2,forward-to-reverse,30,0,1,1|0,true,true,0|0,1|1,true,1250,1280,false|false,0|0,0|1,false|false,1|0,1|0,1|0,0|0,0|0,0|0,0|0,0|0,0,true,43698,3563884940267059561,true
G2,reverse-to-forward,0,1,0,0|1,true,true,0|0,1|1,true,1250,1250,true|true,3|3,1|0,true|false,1|1,1|1,1|1,6|3,1|0,42|0,1|0,1|0,0,true,47757,12621503545081269436,true
G2,reverse-to-forward,5,1,0,0|1,true,true,0|0,1|1,true,1250,1255,true|true,3|3,1|0,true|false,1|1,1|1,1|1,5|2,1|0,42|0,1|0,1|0,0,true,47757,2538803400317274852,true
G2,reverse-to-forward,10,1,0,0|1,true,true,0|0,1|1,true,1250,1260,true|true,2|2,1|0,true|false,1|1,1|1,1|1,5|2,1|0,41|0,1|0,1|0,0,true,47786,16261117524145900101,true
G2,reverse-to-forward,20,1,0,0|1,true,true,0|0,1|1,true,1250,1270,true|true,1|1,1|0,true|false,1|1,1|1,1|1,4|1,1|0,40|0,1|0,1|0,0,true,47785,7410007317119010152,true
G2,reverse-to-forward,30,1,0,0|1,true,true,0|0,1|1,true,1250,1280,false|false,0|0,1|0,false|false,0|1,0|1,0|1,0|0,0|0,0|0,0|0,0|0,0,true,43698,5195169556039046407,true
G3,forward-to-reverse,0,0,1,1|0,true,true,0|0,1|1,true,1260,1260,true|true,3|3,0|1,false|true,1|1,1|1,1|1,3|6,0|1,0|42,0|1,0|1,0,true,47762,11998908626288594661,true
G3,forward-to-reverse,5,0,1,1|0,true,true,0|0,1|1,true,1260,1265,true|true,3|3,0|1,false|true,1|1,1|1,1|1,2|5,0|1,0|42,0|1,0|1,0,true,47762,11682132431423587577,true
G3,forward-to-reverse,10,0,1,1|0,true,true,0|0,1|1,true,1260,1270,true|true,2|2,0|1,false|true,1|1,1|1,1|1,2|5,0|1,0|41,0|1,0|1,0,true,47791,749985018858315604,true
G3,forward-to-reverse,20,0,1,1|0,true,true,0|0,1|1,true,1260,1280,true|true,1|1,0|1,false|true,1|1,1|1,1|1,1|4,0|1,0|40,0|1,0|1,0,true,47790,14521981509647364841,true
G3,forward-to-reverse,30,0,1,1|0,true,true,0|0,1|1,true,1260,1290,false|false,0|0,0|1,false|false,1|0,1|0,1|0,0|0,0|0,0|0,0|0,0|0,0,true,43727,8669395771026850058,true
G3,reverse-to-forward,0,1,0,0|1,true,true,0|0,1|1,true,1260,1260,true|true,3|3,1|0,true|false,1|1,1|1,1|1,6|3,1|0,42|0,1|0,1|0,0,true,47786,13361702757154726895,true
G3,reverse-to-forward,5,1,0,0|1,true,true,0|0,1|1,true,1260,1265,true|true,3|3,1|0,true|false,1|1,1|1,1|1,5|2,1|0,42|0,1|0,1|0,0,true,47786,7691328637752704359,true
G3,reverse-to-forward,10,1,0,0|1,true,true,0|0,1|1,true,1260,1270,true|true,2|2,1|0,true|false,1|1,1|1,1|1,5|2,1|0,41|0,1|0,1|0,0,true,47815,4910125872063602206,true
G3,reverse-to-forward,20,1,0,0|1,true,true,0|0,1|1,true,1260,1280,true|true,1|1,1|0,true|false,1|1,1|1,1|1,4|1,1|0,40|0,1|0,1|0,0,true,47814,395214735680784675,true
G3,reverse-to-forward,30,1,0,0|1,true,true,0|0,1|1,true,1260,1290,false|false,0|0,1|0,false|false,0|1,0|1,0|1,0|0,0|0,0|0,0|0,0|0,0,true,43727,11068927156615164260,true
